sample_id,identity_id,identity_index,condition_code,condition,relative_path,sha256,source_archive,source_url,license_id,face_detection_attempted,face_detected,alignment_source,alignment_status,split
fei_0001_a,fei_0001,1,a,neutral,processed/fei_aligned/1a.jpg,9b233542ba76401355238ad7396ea8636c15a7410f5f5509391ca5f51e7a701a,frontalimages_manuallyaligned_part1.zip,https://fei.edu.br/~cet/frontalimages_manuallyaligned_part1.zip,FEI-research-only,False,,publisher_manual,publisher_manually_aligned,val
fei_0001_b,fei_0001,1,b,smile,processed/fei_aligned/1b.jpg,5969e7a9961e7094e33e6f66fa104979c68ee30cdfc8da0aa959bca8a936574b,frontalimages_manuallyaligned_part1.zip,https://fei.edu.br/~cet/frontalimages_manuallyaligned_part1.zip,FEI-research-only,False,,publisher_manual,publisher_manually_aligned,val
fei_0002_a,fei_0002,2,a,neutral,processed/fei_aligned/2a.jpg,9b2868c412ea881f5f87103e0397a724917965a7372be8381fa54bc7ddb47685,frontalimages_manuallyaligned_part1.zip,https://fei.edu.br/~cet/frontalimages_manuallyaligned_part1.zip,FEI-research-only,False,,publisher_manual,publisher_manually_aligned,dev
fei_0002_b,fei_0002,2,b,smile,processed/fei_aligned/2b.jpg,829296306740b885afab4f1760bb5a32a096f1e41258dd91e09dc420959b9b2c,frontalimages_manuallyaligned_part1.zip,https://fei.edu.br/~cet/frontalimages_manuallyaligned_part1.zip,FEI-research-only,False,,publisher_manual,publisher_manually_aligned,dev
fei_0003_a,fei_0003,3,a,neutral,processed/fei_aligned/3a.jpg,62a35d361168326359d59c01ca74f0bba02326e19fb7d130e4348a22a6ebd340,frontalimages_manuallyaligned_part1.zip,https://fei.edu.br/~cet/frontalimages_manuallyaligned_part1.zip,FEI-research-only,False,,publisher_manual,publisher_manually_aligned,dev
fei_0003_b,fei_0003,3,b,smile,processed/fei_aligned/3b.jpg,73b432996b99b1dc4f8d8fcdc8536a98c400ce047a3ae24567dc68b2443ee6a8,frontalimages_manuallyaligned_part1.zip,https://fei.edu.br/~cet/frontalimages_manuallyaligned_part1.zip,FEI-research-only,False,,publisher_manual,publisher_manually_aligned,dev
fei_0004_a,fei_0004,4,a,neutral,processed/fei_aligned/4a.jpg,b77bea8d9ff1d3559d5b9e9dbcc80380b390c74a5c1856264885e62571319376,frontalimages_manuallyaligned_part1.zip,https://fei.edu.br/~cet/frontalimages_manuallyaligned_part1.zip,FEI-research-only,False,,publisher_manual,publisher_manually_aligned,dev
fei_0004_b,fei_0004,4,b,smile,processed/fei_aligned/4b.jpg,efa2ed2772de8ea4aafbdfff263b0dad428b3a67c68c2ee759f26ac52ea83f9e,frontalimages_manuallyaligned_part1.zip,https://fei.edu.br/~cet/frontalimages_manuallyaligned_part1.zip,FEI-research-only,False,,publisher_manual,publisher_manually_aligned,dev
fei_0005_a,fei_0005,5,a,neutral,processed/fei_aligned/5a.jpg,29949e43c75210372fcdc4b0aee363c0e20d70475299d4cd16b7cf5094658fda,frontalimages_manuallyaligned_part1.zip,https://fei.edu.br/~cet/frontalimages_manuallyaligned_part1.zip,FEI-research-only,False,,publisher_manual,publisher_manually_aligned,val
fei_0005_b,fei_0005,5,b,smile,processed/fei_aligned/5b.jpg,6f01ebd6245e22f47f63bde14a38e6b48e7e77827fa6fa3f9652cf0bda3a3bc5,frontalimages_manuallyaligned_part1.zip,https://fei.edu.br/~cet/frontalimages_manuallyaligned_part1.zip,FEI-research-only,False,,publisher_manual,publisher_manually_aligned,val
fei_0006_a,fei_0006,6,a,neutral,processed/fei_aligned/6a.jpg,1a65e581b1ea65cf5ea1fb76cc04f46d86c878daa946f4849fdfd8aa4b991251,frontalimages_manuallyaligned_part1.zip,https://fei.edu.br/~cet/frontalimages_manuallyaligned_part1.zip,FEI-research-only,False,,publisher_manual,publisher_manually_aligned,val
fei_0006_b,fei_0006,6,b,smile,processed/fei_aligned/6b.jpg,8e0833444505f3ae86b3980ce12b8ba6d077e1eee214eb9460194de58d09e69b,frontalimages_manuallyaligned_part1.zip,https://fei.edu.br/~cet/frontalimages_manuallyaligned_part1.zip,FEI-research-only,False,,publisher_manual,publisher_manually_aligned,val
fei_0007_a,fei_0007,7,a,neutral,processed/fei_aligned/7a.jpg,3941f6c0114f57365c8dba94ca061c8d8316057bbb0a3cc1d71e98c2e114ccc2,frontalimages_manuallyaligned_part1.zip,https://fei.edu.br/~cet/frontalimages_manuallyaligned_part1.zip,FEI-research-only,False,,publisher_manual,publisher_manually_aligned,val
fei_0007_b,fei_0007,7,b,smile,processed/fei_aligned/7b.jpg,8efac71ad4cfe5323ab275247d428e9c7c207d2ee74d034c35adaa3f4bfc022c,frontalimages_manuallyaligned_part1.zip,https://fei.edu.br/~cet/frontalimages_manuallyaligned_part1.zip,FEI-research-only,False,,publisher_manual,publisher_manually_aligned,val
fei_0008_a,fei_0008,8,a,neutral,processed/fei_aligned/8a.jpg,58394189fa03779a720354ce8d67740fbdeaadf4f40870dd7a4ffea211743b4c,frontalimages_manuallyaligned_part1.zip,https://fei.edu.br/~cet/frontalimages_manuallyaligned_part1.zip,FEI-research-only,False,,publisher_manual,publisher_manually_aligned,dev
fei_0008_b,fei_0008,8,b,smile,processed/fei_aligned/8b.jpg,4cbd7304f660593344a7c2c97466fa50a11ee1f2f0715dc8b3afec77ccde99f5,frontalimages_manuallyaligned_part1.zip,https://fei.edu.br/~cet/frontalimages_manuallyaligned_part1.zip,FEI-research-only,False,,publisher_manual,publisher_manually_aligned,dev
fei_0009_a,fei_0009,9,a,neutral,processed/fei_aligned/9a.jpg,b1c6399e976c2b5a83dd13b0d137cbc7874642422a97a392694a69aadc5c9129,frontalimages_manuallyaligned_part1.zip,https://fei.edu.br/~cet/frontalimages_manuallyaligned_part1.zip,FEI-research-only,False,,publisher_manual,publisher_manually_aligned,dev
fei_0009_b,fei_0009,9,b,smile,processed/fei_aligned/9b.jpg,3a30281e5572b25fb88575f20787c8c352b3d116f35868f706e73ba231f510b2,frontalimages_manuallyaligned_part1.zip,https://fei.edu.br/~cet/frontalimages_manuallyaligned_part1.zip,FEI-research-only,False,,publisher_manual,publisher_manually_aligned,dev
fei_0010_a,fei_0010,10,a,neutral,processed/fei_aligned/10a.jpg,be9eb593a1cdd5e2ad1d08ae31a4343cb1ab574c91c78a9d6ac8b131ad742fe7,frontalimages_manuallyaligned_part1.zip,https://fei.edu.br/~cet/frontalimages_manuallyaligned_part1.zip,FEI-research-only,False,,publisher_manual,publisher_manually_aligned,dev
fei_0010_b,fei_0010,10,b,smile,processed/fei_aligned/10b.jpg,196067d095bac69d3bf6d45248130dac42a0b121a0e2fbb852e4c76fc9ccc3c3,frontalimages_manuallyaligned_part1.zip,https://fei.edu.br/~cet/frontalimages_manuallyaligned_part1.zip,FEI-research-only,False,,publisher_manual,publisher_manually_aligned,dev
fei_0011_a,fei_0011,11,a,neutral,processed/fei_aligned/11a.jpg,152cbcd8f7be86dc8fbc2fd8be7e737e4eab6bae7c73596db2f7ef8d57d2f364,frontalimages_manuallyaligned_part1.zip,https://fei.edu.br/~cet/frontalimages_manuallyaligned_part1.zip,FEI-research-only,False,,publisher_manual,publisher_manually_aligned,dev
fei_0011_b,fei_0011,11,b,smile,processed/fei_aligned/11b.jpg,bcaa98e5f5cfe7874228aa9e9a848ca3c0e90df8c4cd0f860b4545a09a53d1df,frontalimages_manuallyaligned_part1.zip,https://fei.edu.br/~cet/frontalimages_manuallyaligned_part1.zip,FEI-research-only,False,,publisher_manual,publisher_manually_aligned,dev
fei_0012_a,fei_0012,12,a,neutral,processed/fei_aligned/12a.jpg,a4f624f81b772e3276e2be50e0e8508dcd4ae06b91702debc6e127d707f31dcc,frontalimages_manuallyaligned_part1.zip,https://fei.edu.br/~cet/frontalimages_manuallyaligned_part1.zip,FEI-research-only,False,,publisher_manual,publisher_manually_aligned,test
fei_0012_b,fei_0012,12,b,smile,processed/fei_aligned/12b.jpg,564c802451488c983f788798324b37b785e8c8934c232814c45dc9df33c9b190,frontalimages_manuallyaligned_part1.zip,https://fei.edu.br/~cet/frontalimages_manuallyaligned_part1.zip,FEI-research-only,False,,publisher_manual,publisher_manually_aligned,test
fei_0013_a,fei_0013,13,a,neutral,processed/fei_aligned/13a.jpg,0014f8b2492ab7fcb8297b9688dfe4a10971b23cb6db514f65473c13ddee49bf,frontalimages_manuallyaligned_part1.zip,https://fei.edu.br/~cet/frontalimages_manuallyaligned_part1.zip,FEI-research-only,False,,publisher_manual,publisher_manually_aligned,dev
fei_0013_b,fei_0013,13,b,smile,processed/fei_aligned/13b.jpg,2cb52b1270b2536e3f3081d5ea92cbb0bec8ab55bb25e0d6941eeea9568c9ece,frontalimages_manuallyaligned_part1.zip,https://fei.edu.br/~cet/frontalimages_manuallyaligned_part1.zip,FEI-research-only,False,,publisher_manual,publisher_manually_aligned,dev
fei_0014_a,fei_0014,14,a,neutral,processed/fei_aligned/14a.jpg,8bbfb55d59ec53e3ecf4f2cae5bec9331036c78d0fcd7de8d6c489c860a5a495,frontalimages_manuallyaligned_part1.zip,https://fei.edu.br/~cet/frontalimages_manuallyaligned_part1.zip,FEI-research-only,False,,publisher_manual,publisher_manually_aligned,dev
fei_0014_b,fei_0014,14,b,smile,processed/fei_aligned/14b.jpg,09b1c5626c00f44707162ddf0ac4e87402517d0cbb30960815e4bd4f9c734ca0,frontalimages_manuallyaligned_part1.zip,https://fei.edu.br/~cet/frontalimages_manuallyaligned_part1.zip,FEI-research-only,False,,publisher_manual,publisher_manually_aligned,dev
fei_0015_a,fei_0015,15,a,neutral,processed/fei_aligned/15a.jpg,1b8eb727989b18c451f75c7e181ddd152d19171d5c5b395933d9ef2eef86d294,frontalimages_manuallyaligned_part1.zip,https://fei.edu.br/~cet/frontalimages_manuallyaligned_part1.zip,FEI-research-only,False,,publisher_manual,publisher_manually_aligned,test
fei_0015_b,fei_0015,15,b,smile,processed/fei_aligned/15b.jpg,8e1e91087f60ea47d65d379e9c9c0ef804f5260e0912dfc62b41d696a9fba107,frontalimages_manuallyaligned_part1.zip,https://fei.edu.br/~cet/frontalimages_manuallyaligned_part1.zip,FEI-research-only,False,,publisher_manual,publisher_manually_aligned,test
fei_0016_a,fei_0016,16,a,neutral,processed/fei_aligned/16a.jpg,8a304fb2996f51f3e8c5f0342667f11a912408a6cda618724585abbff9de2064,frontalimages_manuallyaligned_part1.zip,https://fei.edu.br/~cet/frontalimages_manuallyaligned_part1.zip,FEI-research-only,False,,publisher_manual,publisher_manually_aligned,val
fei_0016_b,fei_0016,16,b,smile,processed/fei_aligned/16b.jpg,8a25599839b7e522842dac520bd28fac2da7b9ac764410ae6f94c6e20eeee0cd,frontalimages_manuallyaligned_part1.zip,https://fei.edu.br/~cet/frontalimages_manuallyaligned_part1.zip,FEI-research-only,False,,publisher_manual,publisher_manually_aligned,val
fei_0017_a,fei_0017,17,a,neutral,processed/fei_aligned/17a.jpg,cf51786b79cd4e95927f923de828b16c875f551fbd8d020ff01d91eb529f7768,frontalimages_manuallyaligned_part1.zip,https://fei.edu.br/~cet/frontalimages_manuallyaligned_part1.zip,FEI-research-only,False,,publisher_manual,publisher_manually_aligned,test
fei_0017_b,fei_0017,17,b,smile,processed/fei_aligned/17b.jpg,2f6d29415cf84f55eed1b8f296d4cd45757a2b9af349367f66f6a9ac7b04d580,frontalimages_manuallyaligned_part1.zip,https://fei.edu.br/~cet/frontalimages_manuallyaligned_part1.zip,FEI-research-only,False,,publisher_manual,publisher_manually_aligned,test
fei_0018_a,fei_0018,18,a,neutral,processed/fei_aligned/18a.jpg,490f59a272804d0d154090d497e09deeceb466bd8abee76836a234e09afc6824,frontalimages_manuallyaligned_part1.zip,https://fei.edu.br/~cet/frontalimages_manuallyaligned_part1.zip,FEI-research-only,False,,publisher_manual,publisher_manually_aligned,dev
fei_0018_b,fei_0018,18,b,smile,processed/fei_aligned/18b.jpg,baa112d13d9e302a1f07131dd999f9ecd90dabdfc92028549cce17c92f0bbca4,frontalimages_manuallyaligned_part1.zip,https://fei.edu.br/~cet/frontalimages_manuallyaligned_part1.zip,FEI-research-only,False,,publisher_manual,publisher_manually_aligned,dev
fei_0019_a,fei_0019,19,a,neutral,processed/fei_aligned/19a.jpg,6819834e1efa1dea141f6b639eedc0d3ec78bec7263e005e3db9d4d99430f1a4,frontalimages_manuallyaligned_part1.zip,https://fei.edu.br/~cet/frontalimages_manuallyaligned_part1.zip,FEI-research-only,False,,publisher_manual,publisher_manually_aligned,test
fei_0019_b,fei_0019,19,b,smile,processed/fei_aligned/19b.jpg,02cd2f6d81cead7e173e45b7f959544cd34dbc4f3fa7c74fd0f061ac15d3a2e4,frontalimages_manuallyaligned_part1.zip,https://fei.edu.br/~cet/frontalimages_manuallyaligned_part1.zip,FEI-research-only,False,,publisher_manual,publisher_manually_aligned,test
fei_0020_a,fei_0020,20,a,neutral,processed/fei_aligned/20a.jpg,d0fa6d89f629a16268856a74f23c1921894aa53baaa5fcc1dab289420d645718,frontalimages_manuallyaligned_part1.zip,https://fei.edu.br/~cet/frontalimages_manuallyaligned_part1.zip,FEI-research-only,False,,publisher_manual,publisher_manually_aligned,dev
fei_0020_b,fei_0020,20,b,smile,processed/fei_aligned/20b.jpg,acc2ff875fbffa1a3f654e8dc6d0fef9c4c40f42308afbd489994481a1b826f2,frontalimages_manuallyaligned_part1.zip,https://fei.edu.br/~cet/frontalimages_manuallyaligned_part1.zip,FEI-research-only,False,,publisher_manual,publisher_manually_aligned,dev
fei_0021_a,fei_0021,21,a,neutral,processed/fei_aligned/21a.jpg,3a0b9b507413f08d84aef5021596601e18586758884dbbcc467c2f7d5874fc1e,frontalimages_manuallyaligned_part1.zip,https://fei.edu.br/~cet/frontalimages_manuallyaligned_part1.zip,FEI-research-only,False,,publisher_manual,publisher_manually_aligned,test
fei_0021_b,fei_0021,21,b,smile,processed/fei_aligned/21b.jpg,f68c0dd036d8be61159129aefdf95b69d856560a491cee520ac6310209e82b24,frontalimages_manuallyaligned_part1.zip,https://fei.edu.br/~cet/frontalimages_manuallyaligned_part1.zip,FEI-research-only,False,,publisher_manual,publisher_manually_aligned,test
fei_0022_a,fei_0022,22,a,neutral,processed/fei_aligned/22a.jpg,bae943bd74ce8d232760c6fff73c8c58a8660ecfcbcb1c9aebc15be386414797,frontalimages_manuallyaligned_part1.zip,https://fei.edu.br/~cet/frontalimages_manuallyaligned_part1.zip,FEI-research-only,False,,publisher_manual,publisher_manually_aligned,dev
fei_0022_b,fei_0022,22,b,smile,processed/fei_aligned/22b.jpg,2c7a55aac4b6093ba70987ca8a28f2a3a1abb67538a6ede7fc61cb45abb65a2c,frontalimages_manuallyaligned_part1.zip,https://fei.edu.br/~cet/frontalimages_manuallyaligned_part1.zip,FEI-research-only,False,,publisher_manual,publisher_manually_aligned,dev
fei_0023_a,fei_0023,23,a,neutral,processed/fei_aligned/23a.jpg,cf83e698e487e1c42d29f11c32f9872ddf27a4625c0117718aba2b69ec2f28b6,frontalimages_manuallyaligned_part1.zip,https://fei.edu.br/~cet/frontalimages_manuallyaligned_part1.zip,FEI-research-only,False,,publisher_manual,publisher_manually_aligned,dev
fei_0023_b,fei_0023,23,b,smile,processed/fei_aligned/23b.jpg,a5cc0eafce9d42c73cc2ae9af9ac4091506df2a750ef62ccc88815c872a5fb01,frontalimages_manuallyaligned_part1.zip,https://fei.edu.br/~cet/frontalimages_manuallyaligned_part1.zip,FEI-research-only,False,,publisher_manual,publisher_manually_aligned,dev
fei_0024_a,fei_0024,24,a,neutral,processed/fei_aligned/24a.jpg,e8a7a0b8b3d3aeb13fee07b359ceb9d7aed81b2813397f1ce63e443fe0a56a01,frontalimages_manuallyaligned_part1.zip,https://fei.edu.br/~cet/frontalimages_manuallyaligned_part1.zip,FEI-research-only,False,,publisher_manual,publisher_manually_aligned,dev
fei_0024_b,fei_0024,24,b,smile,processed/fei_aligned/24b.jpg,0dd6fb80c6f0cb809c04bfdc3cd4b4ca01f31c250316df53194592d62a4f5cb5,frontalimages_manuallyaligned_part1.zip,https://fei.edu.br/~cet/frontalimages_manuallyaligned_part1.zip,FEI-research-only,False,,publisher_manual,publisher_manually_aligned,dev
fei_0025_a,fei_0025,25,a,neutral,processed/fei_aligned/25a.jpg,e414752e7b496bbb2f4b34e609797a6279b3f3e3839c36f7957a656d3a08db3c,frontalimages_manuallyaligned_part1.zip,https://fei.edu.br/~cet/frontalimages_manuallyaligned_part1.zip,FEI-research-only,False,,publisher_manual,publisher_manually_aligned,dev
fei_0025_b,fei_0025,25,b,smile,processed/fei_aligned/25b.jpg,3459cfbf875e5c87dba4a8063e09c62f51e1db020fe6f5c63dfa59e21de50872,frontalimages_manuallyaligned_part1.zip,https://fei.edu.br/~cet/frontalimages_manuallyaligned_part1.zip,FEI-research-only,False,,publisher_manual,publisher_manually_aligned,dev
fei_0026_a,fei_0026,26,a,neutral,processed/fei_aligned/26a.jpg,32db37fbfc9c7f71be7152d94cd1ff21ba17e1f49cd66e0854e6ffd2c9450ec8,frontalimages_manuallyaligned_part1.zip,https://fei.edu.br/~cet/frontalimages_manuallyaligned_part1.zip,FEI-research-only,False,,publisher_manual,publisher_manually_aligned,dev
fei_0026_b,fei_0026,26,b,smile,processed/fei_aligned/26b.jpg,45cedda8da73c8cf55c5a485d3502ee1ac18af4e1a67f6fa894747c7feeae2bf,frontalimages_manuallyaligned_part1.zip,https://fei.edu.br/~cet/frontalimages_manuallyaligned_part1.zip,FEI-research-only,False,,publisher_manual,publisher_manually_aligned,dev
fei_0027_a,fei_0027,27,a,neutral,processed/fei_aligned/27a.jpg,3c68a8e8ea64e5950c28a083daa9cd25416fc5272f0ffdff217a6bade2a8e4c0,frontalimages_manuallyaligned_part1.zip,https://fei.edu.br/~cet/frontalimages_manuallyaligned_part1.zip,FEI-research-only,False,,publisher_manual,publisher_manually_aligned,val
fei_0027_b,fei_0027,27,b,smile,processed/fei_aligned/27b.jpg,00cf4d205552aefc52bc4d75d291d242f6ef3791522bd003382f0a52cf4aedcb,frontalimages_manuallyaligned_part1.zip,https://fei.edu.br/~cet/frontalimages_manuallyaligned_part1.zip,FEI-research-only,False,,publisher_manual,publisher_manually_aligned,val
fei_0028_a,fei_0028,28,a,neutral,processed/fei_aligned/28a.jpg,d82c9bbf9992db8622496f979cc088840b36dca641cdfea5f007012eb35fb299,frontalimages_manuallyaligned_part1.zip,https://fei.edu.br/~cet/frontalimages_manuallyaligned_part1.zip,FEI-research-only,False,,publisher_manual,publisher_manually_aligned,val
fei_0028_b,fei_0028,28,b,smile,processed/fei_aligned/28b.jpg,6e6a6cfb663502783543ff72a609c5768d3c368aa3b705e40b2782c1093e1c68,frontalimages_manuallyaligned_part1.zip,https://fei.edu.br/~cet/frontalimages_manuallyaligned_part1.zip,FEI-research-only,False,,publisher_manual,publisher_manually_aligned,val
fei_0029_a,fei_0029,29,a,neutral,processed/fei_aligned/29a.jpg,4adaff847e61ad6fa74f565417dd6b27065e525c18ebf306572e3df4c8acfda3,frontalimages_manuallyaligned_part1.zip,https://fei.edu.br/~cet/frontalimages_manuallyaligned_part1.zip,FEI-research-only,False,,publisher_manual,publisher_manually_aligned,test
fei_0029_b,fei_0029,29,b,smile,processed/fei_aligned/29b.jpg,a65f85688520620425a892eb213bb3aad491e2aed6c891f8ff2f3908d4991752,frontalimages_manuallyaligned_part1.zip,https://fei.edu.br/~cet/frontalimages_manuallyaligned_part1.zip,FEI-research-only,False,,publisher_manual,publisher_manually_aligned,test
fei_0030_a,fei_0030,30,a,neutral,processed/fei_aligned/30a.jpg,25e6da06f9fc2fd29d3655556a45c66754d14d99ccfb74465f40f52b68b5fe1e,frontalimages_manuallyaligned_part1.zip,https://fei.edu.br/~cet/frontalimages_manuallyaligned_part1.zip,FEI-research-only,False,,publisher_manual,publisher_manually_aligned,test
fei_0030_b,fei_0030,30,b,smile,processed/fei_aligned/30b.jpg,2de32e060bebe594176f55aeca514aeb4613cf8eff6c53709669e8ea93cc26ac,frontalimages_manuallyaligned_part1.zip,https://fei.edu.br/~cet/frontalimages_manuallyaligned_part1.zip,FEI-research-only,False,,publisher_manual,publisher_manually_aligned,test
fei_0031_a,fei_0031,31,a,neutral,processed/fei_aligned/31a.jpg,52d5835b3208064e3ca49776e381ca240973d79664b0ce64da26550019eedf67,frontalimages_manuallyaligned_part1.zip,https://fei.edu.br/~cet/frontalimages_manuallyaligned_part1.zip,FEI-research-only,False,,publisher_manual,publisher_manually_aligned,dev
fei_0031_b,fei_0031,31,b,smile,processed/fei_aligned/31b.jpg,5305f8126e73a2229c2e716ac5bbf98c3abfe72a49e8429c160e53bc1d7b01c3,frontalimages_manuallyaligned_part1.zip,https://fei.edu.br/~cet/frontalimages_manuallyaligned_part1.zip,FEI-research-only,False,,publisher_manual,publisher_manually_aligned,dev
fei_0032_a,fei_0032,32,a,neutral,processed/fei_aligned/32a.jpg,e4c52fd0103d9c29e8969d6314b39cfe2423ab4bf9496c5011fa179b1662c14e,frontalimages_manuallyaligned_part1.zip,https://fei.edu.br/~cet/frontalimages_manuallyaligned_part1.zip,FEI-research-only,False,,publisher_manual,publisher_manually_aligned,dev
fei_0032_b,fei_0032,32,b,smile,processed/fei_aligned/32b.jpg,d83379cb1ac4c9ec67bbfbd6369b3995338da5069d253bb8bdb0427cd09d5df8,frontalimages_manuallyaligned_part1.zip,https://fei.edu.br/~cet/frontalimages_manuallyaligned_part1.zip,FEI-research-only,False,,publisher_manual,publisher_manually_aligned,dev
fei_0033_a,fei_0033,33,a,neutral,processed/fei_aligned/33a.jpg,0c14ceda0d45a9743d47d8f234900efd73f6307a61c3a02c95757c013187adc7,frontalimages_manuallyaligned_part1.zip,https://fei.edu.br/~cet/frontalimages_manuallyaligned_part1.zip,FEI-research-only,False,,publisher_manual,publisher_manually_aligned,test
fei_0033_b,fei_0033,33,b,smile,processed/fei_aligned/33b.jpg,a64da337a0a17f50aafeaea97bfefeafbca79d6fcc6df6454de2562cd66e0bc8,frontalimages_manuallyaligned_part1.zip,https://fei.edu.br/~cet/frontalimages_manuallyaligned_part1.zip,FEI-research-only,False,,publisher_manual,publisher_manually_aligned,test
fei_0034_a,fei_0034,34,a,neutral,processed/fei_aligned/34a.jpg,c94fb1cf7103495a714437445997d359561a397c4f675d7256f6c8d04f43c907,frontalimages_manuallyaligned_part1.zip,https://fei.edu.br/~cet/frontalimages_manuallyaligned_part1.zip,FEI-research-only,False,,publisher_manual,publisher_manually_aligned,val
fei_0034_b,fei_0034,34,b,smile,processed/fei_aligned/34b.jpg,25ac9312c84b2d814d49bc6486b4101f9c0078da36fb43b9ddeebca0531d4ed8,frontalimages_manuallyaligned_part1.zip,https://fei.edu.br/~cet/frontalimages_manuallyaligned_part1.zip,FEI-research-only,False,,publisher_manual,publisher_manually_aligned,val
fei_0035_a,fei_0035,35,a,neutral,processed/fei_aligned/35a.jpg,1706948df1813c1d85203e98923f21ef4e8f5ad32d24d190b54b8a9fa5662314,frontalimages_manuallyaligned_part1.zip,https://fei.edu.br/~cet/frontalimages_manuallyaligned_part1.zip,FEI-research-only,False,,publisher_manual,publisher_manually_aligned,test
fei_0035_b,fei_0035,35,b,smile,processed/fei_aligned/35b.jpg,2808667fd348f37ba59a5e89a6bbc8d22fc05d2036ca66249add69f8b75f9aaa,frontalimages_manuallyaligned_part1.zip,https://fei.edu.br/~cet/frontalimages_manuallyaligned_part1.zip,FEI-research-only,False,,publisher_manual,publisher_manually_aligned,test
fei_0036_a,fei_0036,36,a,neutral,processed/fei_aligned/36a.jpg,2595503b9dbd63272d0342f5e4db133e3d5043999cb239594cd5a5aae671e756,frontalimages_manuallyaligned_part1.zip,https://fei.edu.br/~cet/frontalimages_manuallyaligned_part1.zip,FEI-research-only,False,,publisher_manual,publisher_manually_aligned,val
fei_0036_b,fei_0036,36,b,smile,processed/fei_aligned/36b.jpg,7de59d84780ccb8f1eef916c1917c5e5715189af69ee16d4df266a9910259305,frontalimages_manuallyaligned_part1.zip,https://fei.edu.br/~cet/frontalimages_manuallyaligned_part1.zip,FEI-research-only,False,,publisher_manual,publisher_manually_aligned,val
fei_0037_a,fei_0037,37,a,neutral,processed/fei_aligned/37a.jpg,e5195be106e0036926e732eaedeca228725ed912b70efaa43befb9b864d605e6,frontalimages_manuallyaligned_part1.zip,https://fei.edu.br/~cet/frontalimages_manuallyaligned_part1.zip,FEI-research-only,False,,publisher_manual,publisher_manually_aligned,dev
fei_0037_b,fei_0037,37,b,smile,processed/fei_aligned/37b.jpg,5db6a181bc5c301113f0e421a710988f0ee86eeedbc585e913c78ab17f841278,frontalimages_manuallyaligned_part1.zip,https://fei.edu.br/~cet/frontalimages_manuallyaligned_part1.zip,FEI-research-only,False,,publisher_manual,publisher_manually_aligned,dev
fei_0038_a,fei_0038,38,a,neutral,processed/fei_aligned/38a.jpg,1458917255b057fd817a8ddc59b322dab557a3f2940bb3ef1f964ea3a1e48ada,frontalimages_manuallyaligned_part1.zip,https://fei.edu.br/~cet/frontalimages_manuallyaligned_part1.zip,FEI-research-only,False,,publisher_manual,publisher_manually_aligned,dev
fei_0038_b,fei_0038,38,b,smile,processed/fei_aligned/38b.jpg,c54f4421fd43a3032701ee844db221a719c5a942b856075d772448ef3bb82ae0,frontalimages_manuallyaligned_part1.zip,https://fei.edu.br/~cet/frontalimages_manuallyaligned_part1.zip,FEI-research-only,False,,publisher_manual,publisher_manually_aligned,dev
fei_0039_a,fei_0039,39,a,neutral,processed/fei_aligned/39a.jpg,89dddb3040fa8f38ba31a7a88d3f3f2af191a633ed7a828a8f2c3f68e078aa19,frontalimages_manuallyaligned_part1.zip,https://fei.edu.br/~cet/frontalimages_manuallyaligned_part1.zip,FEI-research-only,False,,publisher_manual,publisher_manually_aligned,dev
fei_0039_b,fei_0039,39,b,smile,processed/fei_aligned/39b.jpg,4a913a33a1ac5d0f0bf0e59a4707e3c587e37c389475daae50c91fbb2a99aad6,frontalimages_manuallyaligned_part1.zip,https://fei.edu.br/~cet/frontalimages_manuallyaligned_part1.zip,FEI-research-only,False,,publisher_manual,publisher_manually_aligned,dev
fei_0040_a,fei_0040,40,a,neutral,processed/fei_aligned/40a.jpg,214180853380ad51d4b7cafecf403cb6589b67906150a9cc32c11f59c7e2c6b7,frontalimages_manuallyaligned_part1.zip,https://fei.edu.br/~cet/frontalimages_manuallyaligned_part1.zip,FEI-research-only,False,,publisher_manual,publisher_manually_aligned,test
fei_0040_b,fei_0040,40,b,smile,processed/fei_aligned/40b.jpg,f476e7d1901d0977a5741009b229ffb5663a87697add184770906c47d1e0adcb,frontalimages_manuallyaligned_part1.zip,https://fei.edu.br/~cet/frontalimages_manuallyaligned_part1.zip,FEI-research-only,False,,publisher_manual,publisher_manually_aligned,test
fei_0041_a,fei_0041,41,a,neutral,processed/fei_aligned/41a.jpg,88091027ba3bb4e99340f220a8c8127439b6af29c4f707e85011d8c0399bba1e,frontalimages_manuallyaligned_part1.zip,https://fei.edu.br/~cet/frontalimages_manuallyaligned_part1.zip,FEI-research-only,False,,publisher_manual,publisher_manually_aligned,dev
fei_0041_b,fei_0041,41,b,smile,processed/fei_aligned/41b.jpg,77b8b0493d4980dba92c1df2c08916b80157e01f5e2c1f5ce1b3636007e5ba27,frontalimages_manuallyaligned_part1.zip,https://fei.edu.br/~cet/frontalimages_manuallyaligned_part1.zip,FEI-research-only,False,,publisher_manual,publisher_manually_aligned,dev
fei_0042_a,fei_0042,42,a,neutral,processed/fei_aligned/42a.jpg,a843fddd9e3eab9a927f1b987e6ec6127a34a86bf23e85c1939186c34875af9b,frontalimages_manuallyaligned_part1.zip,https://fei.edu.br/~cet/frontalimages_manuallyaligned_part1.zip,FEI-research-only,False,,publisher_manual,publisher_manually_aligned,dev
fei_0042_b,fei_0042,42,b,smile,processed/fei_aligned/42b.jpg,41982308739919f4554b9a438a6c4d24edc1019754299624a4edf695a446ee4b,frontalimages_manuallyaligned_part1.zip,https://fei.edu.br/~cet/frontalimages_manuallyaligned_part1.zip,FEI-research-only,False,,publisher_manual,publisher_manually_aligned,dev
fei_0043_a,fei_0043,43,a,neutral,processed/fei_aligned/43a.jpg,4de8fadca098c478a2b553b37db25143790d73de311b8aa866fca860b7af8475,frontalimages_manuallyaligned_part1.zip,https://fei.edu.br/~cet/frontalimages_manuallyaligned_part1.zip,FEI-research-only,False,,publisher_manual,publisher_manually_aligned,dev
fei_0043_b,fei_0043,43,b,smile,processed/fei_aligned/43b.jpg,f6502505931b192b78029061604211f0a1ff94037d05666e7aeb7080dd3d2f2b,frontalimages_manuallyaligned_part1.zip,https://fei.edu.br/~cet/frontalimages_manuallyaligned_part1.zip,FEI-research-only,False,,publisher_manual,publisher_manually_aligned,dev
fei_0044_a,fei_0044,44,a,neutral,processed/fei_aligned/44a.jpg,dc1f2e68c3a3b32a4a3c2aa2e912b60ca89aad964d35b026a6f34e2895552540,frontalimages_manuallyaligned_part1.zip,https://fei.edu.br/~cet/frontalimages_manuallyaligned_part1.zip,FEI-research-only,False,,publisher_manual,publisher_manually_aligned,val
fei_0044_b,fei_0044,44,b,smile,processed/fei_aligned/44b.jpg,96bab9fa541032808aa10911086771e9da78ac38538f07b910947c249e47824d,frontalimages_manuallyaligned_part1.zip,https://fei.edu.br/~cet/frontalimages_manuallyaligned_part1.zip,FEI-research-only,False,,publisher_manual,publisher_manually_aligned,val
fei_0045_a,fei_0045,45,a,neutral,processed/fei_aligned/45a.jpg,d5051fddf48f45aae3fe6c00c702139e9a07d464d30495a68219af9a8c3fd557,frontalimages_manuallyaligned_part1.zip,https://fei.edu.br/~cet/frontalimages_manuallyaligned_part1.zip,FEI-research-only,False,,publisher_manual,publisher_manually_aligned,dev
fei_0045_b,fei_0045,45,b,smile,processed/fei_aligned/45b.jpg,9a3f6028bc65da4b8e97a7764a4a79de41e8fb2db332217f50648ab1aa4a206a,frontalimages_manuallyaligned_part1.zip,https://fei.edu.br/~cet/frontalimages_manuallyaligned_part1.zip,FEI-research-only,False,,publisher_manual,publisher_manually_aligned,dev
fei_0046_a,fei_0046,46,a,neutral,processed/fei_aligned/46a.jpg,7b603ab7feb7ac6ab77b80864dbf403fd36820e1b18e9278cdd5946b3e64aabe,frontalimages_manuallyaligned_part1.zip,https://fei.edu.br/~cet/frontalimages_manuallyaligned_part1.zip,FEI-research-only,False,,publisher_manual,publisher_manually_aligned,test
fei_0046_b,fei_0046,46,b,smile,processed/fei_aligned/46b.jpg,9bd6e1f480a746472f37f0cbb455a0e21196857ff7ce19207613b4372aecde90,frontalimages_manuallyaligned_part1.zip,https://fei.edu.br/~cet/frontalimages_manuallyaligned_part1.zip,FEI-research-only,False,,publisher_manual,publisher_manually_aligned,test
fei_0047_a,fei_0047,47,a,neutral,processed/fei_aligned/47a.jpg,e53f3ad96c9e1a166eb88fd74c7ba63a8ba9a113d323b4ebb1c79e319a960507,frontalimages_manuallyaligned_part1.zip,https://fei.edu.br/~cet/frontalimages_manuallyaligned_part1.zip,FEI-research-only,False,,publisher_manual,publisher_manually_aligned,dev
fei_0047_b,fei_0047,47,b,smile,processed/fei_aligned/47b.jpg,ff8ae1f4f1c35c92fdafb6f8c46e9bab6aa394388bf99c54b7ec3174e2a57ee8,frontalimages_manuallyaligned_part1.zip,https://fei.edu.br/~cet/frontalimages_manuallyaligned_part1.zip,FEI-research-only,False,,publisher_manual,publisher_manually_aligned,dev
fei_0048_a,fei_0048,48,a,neutral,processed/fei_aligned/48a.jpg,82e2811665eec767c990baf7891614a081d0f84aa73b5dc563611735a9c7361f,frontalimages_manuallyaligned_part1.zip,https://fei.edu.br/~cet/frontalimages_manuallyaligned_part1.zip,FEI-research-only,False,,publisher_manual,publisher_manually_aligned,test
fei_0048_b,fei_0048,48,b,smile,processed/fei_aligned/48b.jpg,dce08aeedd8925f13fb9510ec46bf0437ff2e139959c4107eb44b96c322ce430,frontalimages_manuallyaligned_part1.zip,https://fei.edu.br/~cet/frontalimages_manuallyaligned_part1.zip,FEI-research-only,False,,publisher_manual,publisher_manually_aligned,test
fei_0049_a,fei_0049,49,a,neutral,processed/fei_aligned/49a.jpg,13767459c426899f56af74b49d46fd741a929070d2b483fc14eac2d8696a0610,frontalimages_manuallyaligned_part1.zip,https://fei.edu.br/~cet/frontalimages_manuallyaligned_part1.zip,FEI-research-only,False,,publisher_manual,publisher_manually_aligned,dev
fei_0049_b,fei_0049,49,b,smile,processed/fei_aligned/49b.jpg,29745177392723f8c44745821f8839cb7bffc79c5c7fa930c6841a65fdc543ea,frontalimages_manuallyaligned_part1.zip,https://fei.edu.br/~cet/frontalimages_manuallyaligned_part1.zip,FEI-research-only,False,,publisher_manual,publisher_manually_aligned,dev
fei_0050_a,fei_0050,50,a,neutral,processed/fei_aligned/50a.jpg,4b78a3b834efe8e5f31b9bc2d4014d7f1b090b55c805e9857852a945585c6978,frontalimages_manuallyaligned_part1.zip,https://fei.edu.br/~cet/frontalimages_manuallyaligned_part1.zip,FEI-research-only,False,,publisher_manual,publisher_manually_aligned,dev
fei_0050_b,fei_0050,50,b,smile,processed/fei_aligned/50b.jpg,5cb4589fc829ee196c647016063ef34083aec01430d557b91f073523dde717cc,frontalimages_manuallyaligned_part1.zip,https://fei.edu.br/~cet/frontalimages_manuallyaligned_part1.zip,FEI-research-only,False,,publisher_manual,publisher_manually_aligned,dev
fei_0051_a,fei_0051,51,a,neutral,processed/fei_aligned/51a.jpg,8c115990aa0b9602e343327c95657680a40ef3e5c47fa53414a66ceefe6f3841,frontalimages_manuallyaligned_part1.zip,https://fei.edu.br/~cet/frontalimages_manuallyaligned_part1.zip,FEI-research-only,False,,publisher_manual,publisher_manually_aligned,val
fei_0051_b,fei_0051,51,b,smile,processed/fei_aligned/51b.jpg,5579354ef2a0374969ede65b7fca5d4c312631f0cc7e55d1de8ad9a1a91a2f91,frontalimages_manuallyaligned_part1.zip,https://fei.edu.br/~cet/frontalimages_manuallyaligned_part1.zip,FEI-research-only,False,,publisher_manual,publisher_manually_aligned,val
fei_0052_a,fei_0052,52,a,neutral,processed/fei_aligned/52a.jpg,3c237587c283a6289fdc22563e2f7cd50876e433233244785d3cdd8a1b62c11c,frontalimages_manuallyaligned_part1.zip,https://fei.edu.br/~cet/frontalimages_manuallyaligned_part1.zip,FEI-research-only,False,,publisher_manual,publisher_manually_aligned,val
fei_0052_b,fei_0052,52,b,smile,processed/fei_aligned/52b.jpg,0a5ccd51d714a2a311e11814d31b4905b1566091f0ef5db7bcc7c330b1d4ae3d,frontalimages_manuallyaligned_part1.zip,https://fei.edu.br/~cet/frontalimages_manuallyaligned_part1.zip,FEI-research-only,False,,publisher_manual,publisher_manually_aligned,val
fei_0053_a,fei_0053,53,a,neutral,processed/fei_aligned/53a.jpg,9f2e2be97cb6d859f1e0f2f9d826829009cc0c0e12f0a987a2fa08b158b3eb71,frontalimages_manuallyaligned_part1.zip,https://fei.edu.br/~cet/frontalimages_manuallyaligned_part1.zip,FEI-research-only,False,,publisher_manual,publisher_manually_aligned,dev
fei_0053_b,fei_0053,53,b,smile,processed/fei_aligned/53b.jpg,8e9d3000cf1022965df1404be6aefbcd268ecfc8ce63a1cdf31d01a07988a7ef,frontalimages_manuallyaligned_part1.zip,https://fei.edu.br/~cet/frontalimages_manuallyaligned_part1.zip,FEI-research-only,False,,publisher_manual,publisher_manually_aligned,dev
fei_0054_a,fei_0054,54,a,neutral,processed/fei_aligned/54a.jpg,d54950e318e15f973311ad8c39c80f81c82b64837d7e467b4ecf7b3831c0ff62,frontalimages_manuallyaligned_part1.zip,https://fei.edu.br/~cet/frontalimages_manuallyaligned_part1.zip,FEI-research-only,False,,publisher_manual,publisher_manually_aligned,test
fei_0054_b,fei_0054,54,b,smile,processed/fei_aligned/54b.jpg,7e7820c09db9d4db5dc6f2adfda8f6ea50a1661f96eb3086c5418e5d9605146e,frontalimages_manuallyaligned_part1.zip,https://fei.edu.br/~cet/frontalimages_manuallyaligned_part1.zip,FEI-research-only,False,,publisher_manual,publisher_manually_aligned,test
fei_0055_a,fei_0055,55,a,neutral,processed/fei_aligned/55a.jpg,0f571f81450efcfcfa80ce9dbe4e36c32e54c8d6ad2b0514cb9c11f27a35e3fe,frontalimages_manuallyaligned_part1.zip,https://fei.edu.br/~cet/frontalimages_manuallyaligned_part1.zip,FEI-research-only,False,,publisher_manual,publisher_manually_aligned,test
fei_0055_b,fei_0055,55,b,smile,processed/fei_aligned/55b.jpg,2abbeeff4019bc8e757f74b5c2c9a70f2bb2649828f12c74c78ebc841b5e6a1e,frontalimages_manuallyaligned_part1.zip,https://fei.edu.br/~cet/frontalimages_manuallyaligned_part1.zip,FEI-research-only,False,,publisher_manual,publisher_manually_aligned,test
fei_0056_a,fei_0056,56,a,neutral,processed/fei_aligned/56a.jpg,05d5d900f48eb193e5edd5538f31b82598ae92cecfd2b0714dc1a54e3cd745ba,frontalimages_manuallyaligned_part1.zip,https://fei.edu.br/~cet/frontalimages_manuallyaligned_part1.zip,FEI-research-only,False,,publisher_manual,publisher_manually_aligned,dev
fei_0056_b,fei_0056,56,b,smile,processed/fei_aligned/56b.jpg,f55a12cbe025cf6fa8c53b70969d72caf9ef51d88579f78d22e76117e1488ccd,frontalimages_manuallyaligned_part1.zip,https://fei.edu.br/~cet/frontalimages_manuallyaligned_part1.zip,FEI-research-only,False,,publisher_manual,publisher_manually_aligned,dev
fei_0057_a,fei_0057,57,a,neutral,processed/fei_aligned/57a.jpg,9c3fe3f733042d49f759f50b3918a447fe276eb6b0c7665a4be4f13d9f50a37a,frontalimages_manuallyaligned_part1.zip,https://fei.edu.br/~cet/frontalimages_manuallyaligned_part1.zip,FEI-research-only,False,,publisher_manual,publisher_manually_aligned,dev
fei_0057_b,fei_0057,57,b,smile,processed/fei_aligned/57b.jpg,c7a86c8cba1fc37fbe6bcce99f2354fd034548faca509fcdb599a26afaad2e93,frontalimages_manuallyaligned_part1.zip,https://fei.edu.br/~cet/frontalimages_manuallyaligned_part1.zip,FEI-research-only,False,,publisher_manual,publisher_manually_aligned,dev
fei_0058_a,fei_0058,58,a,neutral,processed/fei_aligned/58a.jpg,053be888d315561a6af8f19a723c637bf872cd61e8b4346f81682c70657f789c,frontalimages_manuallyaligned_part1.zip,https://fei.edu.br/~cet/frontalimages_manuallyaligned_part1.zip,FEI-research-only,False,,publisher_manual,publisher_manually_aligned,dev
fei_0058_b,fei_0058,58,b,smile,processed/fei_aligned/58b.jpg,14e75dadda98bcbcf4c7692e272384095f9697cbf783f4c0222980d4a929a61b,frontalimages_manuallyaligned_part1.zip,https://fei.edu.br/~cet/frontalimages_manuallyaligned_part1.zip,FEI-research-only,False,,publisher_manual,publisher_manually_aligned,dev
fei_0059_a,fei_0059,59,a,neutral,processed/fei_aligned/59a.jpg,51b728fe6a131dd2185c77400de18fca1abd1f49c392e1da82176558c5fe0119,frontalimages_manuallyaligned_part1.zip,https://fei.edu.br/~cet/frontalimages_manuallyaligned_part1.zip,FEI-research-only,False,,publisher_manual,publisher_manually_aligned,test
fei_0059_b,fei_0059,59,b,smile,processed/fei_aligned/59b.jpg,0500e44118f036172f700b5d3c98bd358edebcd633f97136e80b39ba96a2e542,frontalimages_manuallyaligned_part1.zip,https://fei.edu.br/~cet/frontalimages_manuallyaligned_part1.zip,FEI-research-only,False,,publisher_manual,publisher_manually_aligned,test
fei_0060_a,fei_0060,60,a,neutral,processed/fei_aligned/60a.jpg,2b6984cded7cecc335de517858eac1caa8716d410c9c450f94e54d02c1e8c5c5,frontalimages_manuallyaligned_part1.zip,https://fei.edu.br/~cet/frontalimages_manuallyaligned_part1.zip,FEI-research-only,False,,publisher_manual,publisher_manually_aligned,dev
fei_0060_b,fei_0060,60,b,smile,processed/fei_aligned/60b.jpg,9e83435ab76f7ace10a4d88a44e9c5d7138911d2b56628e763d2924ccdf66d08,frontalimages_manuallyaligned_part1.zip,https://fei.edu.br/~cet/frontalimages_manuallyaligned_part1.zip,FEI-research-only,False,,publisher_manual,publisher_manually_aligned,dev
fei_0061_a,fei_0061,61,a,neutral,processed/fei_aligned/61a.jpg,7484b265032af309e39bc34acdbbc19bc6d3e8427b1ec6bb698fe8e80674eab3,frontalimages_manuallyaligned_part1.zip,https://fei.edu.br/~cet/frontalimages_manuallyaligned_part1.zip,FEI-research-only,False,,publisher_manual,publisher_manually_aligned,val
fei_0061_b,fei_0061,61,b,smile,processed/fei_aligned/61b.jpg,515d20d3fcfc9e26e6ad1c5b254c349ecfcdd8d73134c15106ade64e1ef41524,frontalimages_manuallyaligned_part1.zip,https://fei.edu.br/~cet/frontalimages_manuallyaligned_part1.zip,FEI-research-only,False,,publisher_manual,publisher_manually_aligned,val
fei_0062_a,fei_0062,62,a,neutral,processed/fei_aligned/62a.jpg,913e3838df0a3fb1b8d5dd60b4770c908cd20103a98888e0d1eb4c87c8a0a71d,frontalimages_manuallyaligned_part1.zip,https://fei.edu.br/~cet/frontalimages_manuallyaligned_part1.zip,FEI-research-only,False,,publisher_manual,publisher_manually_aligned,test
fei_0062_b,fei_0062,62,b,smile,processed/fei_aligned/62b.jpg,5a4e6676d68ce8019b397842da7434bdf02c7e7bc06e44a8be768bea15da0be0,frontalimages_manuallyaligned_part1.zip,https://fei.edu.br/~cet/frontalimages_manuallyaligned_part1.zip,FEI-research-only,False,,publisher_manual,publisher_manually_aligned,test
fei_0063_a,fei_0063,63,a,neutral,processed/fei_aligned/63a.jpg,35e4163e684bbc33ff2c7c64732d67ac9744acfe4d50ab2d892becae9b32e212,frontalimages_manuallyaligned_part1.zip,https://fei.edu.br/~cet/frontalimages_manuallyaligned_part1.zip,FEI-research-only,False,,publisher_manual,publisher_manually_aligned,dev
fei_0063_b,fei_0063,63,b,smile,processed/fei_aligned/63b.jpg,6f4da503f4919b501ddea8559133044fb23054c91c1db24575a22ec1c546a602,frontalimages_manuallyaligned_part1.zip,https://fei.edu.br/~cet/frontalimages_manuallyaligned_part1.zip,FEI-research-only,False,,publisher_manual,publisher_manually_aligned,dev
fei_0064_a,fei_0064,64,a,neutral,processed/fei_aligned/64a.jpg,56dcef81c5d92a7c7b109968baa9ec37135f8a57c643d84a6272445efbbfad4c,frontalimages_manuallyaligned_part1.zip,https://fei.edu.br/~cet/frontalimages_manuallyaligned_part1.zip,FEI-research-only,False,,publisher_manual,publisher_manually_aligned,val
fei_0064_b,fei_0064,64,b,smile,processed/fei_aligned/64b.jpg,e9f10ff79e6c3de93a0964a386d109c36d71ae9a868f9259b2e46b5949b26081,frontalimages_manuallyaligned_part1.zip,https://fei.edu.br/~cet/frontalimages_manuallyaligned_part1.zip,FEI-research-only,False,,publisher_manual,publisher_manually_aligned,val
fei_0065_a,fei_0065,65,a,neutral,processed/fei_aligned/65a.jpg,88e42f1fca1ba0bb91bdb1afd5f11990c62eb2c55a580b1e6b03a7cbb3d6237c,frontalimages_manuallyaligned_part1.zip,https://fei.edu.br/~cet/frontalimages_manuallyaligned_part1.zip,FEI-research-only,False,,publisher_manual,publisher_manually_aligned,dev
fei_0065_b,fei_0065,65,b,smile,processed/fei_aligned/65b.jpg,c568913649336777a0773a2f66f7edc00a3b5ac76ba15adffd679712314dadc1,frontalimages_manuallyaligned_part1.zip,https://fei.edu.br/~cet/frontalimages_manuallyaligned_part1.zip,FEI-research-only,False,,publisher_manual,publisher_manually_aligned,dev
fei_0066_a,fei_0066,66,a,neutral,processed/fei_aligned/66a.jpg,9408e9bf9a0bc51614a785c497598519e721d7c1aa11e4973efdf428e4615d5c,frontalimages_manuallyaligned_part1.zip,https://fei.edu.br/~cet/frontalimages_manuallyaligned_part1.zip,FEI-research-only,False,,publisher_manual,publisher_manually_aligned,dev
fei_0066_b,fei_0066,66,b,smile,processed/fei_aligned/66b.jpg,2be7074330811781e8738c714c409b87ba5332094510eaf7498f2f3b1b847b6e,frontalimages_manuallyaligned_part1.zip,https://fei.edu.br/~cet/frontalimages_manuallyaligned_part1.zip,FEI-research-only,False,,publisher_manual,publisher_manually_aligned,dev
fei_0067_a,fei_0067,67,a,neutral,processed/fei_aligned/67a.jpg,be41c78de5818ae1acaf1c82018f7f635cead791db383cdb1054b6ccf2e06f3e,frontalimages_manuallyaligned_part1.zip,https://fei.edu.br/~cet/frontalimages_manuallyaligned_part1.zip,FEI-research-only,False,,publisher_manual,publisher_manually_aligned,dev
fei_0067_b,fei_0067,67,b,smile,processed/fei_aligned/67b.jpg,c3d756c7ab16ca2bf7e3dff55b45b03d19777e86a79fcf8c839da45f355b28c6,frontalimages_manuallyaligned_part1.zip,https://fei.edu.br/~cet/frontalimages_manuallyaligned_part1.zip,FEI-research-only,False,,publisher_manual,publisher_manually_aligned,dev
fei_0068_a,fei_0068,68,a,neutral,processed/fei_aligned/68a.jpg,67b4101b81dd7cfad064477cf42f264c591b9e0dd0b1753f9a8827a4867b06fd,frontalimages_manuallyaligned_part1.zip,https://fei.edu.br/~cet/frontalimages_manuallyaligned_part1.zip,FEI-research-only,False,,publisher_manual,publisher_manually_aligned,dev
fei_0068_b,fei_0068,68,b,smile,processed/fei_aligned/68b.jpg,256af66853d02ad71cf79838cd44ece1f07109abef5e01a98d10bc345b241487,frontalimages_manuallyaligned_part1.zip,https://fei.edu.br/~cet/frontalimages_manuallyaligned_part1.zip,FEI-research-only,False,,publisher_manual,publisher_manually_aligned,dev
fei_0069_a,fei_0069,69,a,neutral,processed/fei_aligned/69a.jpg,b6bcfdaa4b48ce5248349739f7e259bf3b29cb1f944fcad3215ab615164818ca,frontalimages_manuallyaligned_part1.zip,https://fei.edu.br/~cet/frontalimages_manuallyaligned_part1.zip,FEI-research-only,False,,publisher_manual,publisher_manually_aligned,dev
fei_0069_b,fei_0069,69,b,smile,processed/fei_aligned/69b.jpg,32f2fbb65247a68a9e423668bc7a3b67c443dca962095c642f882dd6003ff437,frontalimages_manuallyaligned_part1.zip,https://fei.edu.br/~cet/frontalimages_manuallyaligned_part1.zip,FEI-research-only,False,,publisher_manual,publisher_manually_aligned,dev
fei_0070_a,fei_0070,70,a,neutral,processed/fei_aligned/70a.jpg,3a49e7c18075e1d7acfdec82fa01b0b9a074e43a5c7fc97fb3a814d1bb114df5,frontalimages_manuallyaligned_part1.zip,https://fei.edu.br/~cet/frontalimages_manuallyaligned_part1.zip,FEI-research-only,False,,publisher_manual,publisher_manually_aligned,val
fei_0070_b,fei_0070,70,b,smile,processed/fei_aligned/70b.jpg,75d7832072f45563b68cd56ca9ae8048c1bc8495540e6c959005b1aa77f88d1c,frontalimages_manuallyaligned_part1.zip,https://fei.edu.br/~cet/frontalimages_manuallyaligned_part1.zip,FEI-research-only,False,,publisher_manual,publisher_manually_aligned,val
fei_0071_a,fei_0071,71,a,neutral,processed/fei_aligned/71a.jpg,fcb7c0b8e85a4da1203812bdad1c2bd1b0ae72008ffcf024b7376a77a34f8000,frontalimages_manuallyaligned_part1.zip,https://fei.edu.br/~cet/frontalimages_manuallyaligned_part1.zip,FEI-research-only,False,,publisher_manual,publisher_manually_aligned,dev
fei_0071_b,fei_0071,71,b,smile,processed/fei_aligned/71b.jpg,549b1d392d3e6e6f11ae58647ba00e0671ecbe9f77bbe376469126dd2dcbec0b,frontalimages_manuallyaligned_part1.zip,https://fei.edu.br/~cet/frontalimages_manuallyaligned_part1.zip,FEI-research-only,False,,publisher_manual,publisher_manually_aligned,dev
fei_0072_a,fei_0072,72,a,neutral,processed/fei_aligned/72a.jpg,ae6649a14a4b131994470c5538a800c4db04d8f9685ff90ee5c6448b56bfcbf3,frontalimages_manuallyaligned_part1.zip,https://fei.edu.br/~cet/frontalimages_manuallyaligned_part1.zip,FEI-research-only,False,,publisher_manual,publisher_manually_aligned,test
fei_0072_b,fei_0072,72,b,smile,processed/fei_aligned/72b.jpg,e87c2589194598a6c81826d8bf92b453254ec6da1ef75ec64ae435abc6d87d97,frontalimages_manuallyaligned_part1.zip,https://fei.edu.br/~cet/frontalimages_manuallyaligned_part1.zip,FEI-research-only,False,,publisher_manual,publisher_manually_aligned,test
fei_0073_a,fei_0073,73,a,neutral,processed/fei_aligned/73a.jpg,a5dc827cda00c0000644e9bd809c1352edb79eea5cfa094d06b701ab916c8a84,frontalimages_manuallyaligned_part1.zip,https://fei.edu.br/~cet/frontalimages_manuallyaligned_part1.zip,FEI-research-only,False,,publisher_manual,publisher_manually_aligned,val
fei_0073_b,fei_0073,73,b,smile,processed/fei_aligned/73b.jpg,8dacebc4cde209187f5dc1bbd1a8dbcf88630fd530bb2dde18bf360eed90efd3,frontalimages_manuallyaligned_part1.zip,https://fei.edu.br/~cet/frontalimages_manuallyaligned_part1.zip,FEI-research-only,False,,publisher_manual,publisher_manually_aligned,val
fei_0074_a,fei_0074,74,a,neutral,processed/fei_aligned/74a.jpg,453b9b384317e126dfe019161858f1d29e0545e3b535828928b4c64ca7c57842,frontalimages_manuallyaligned_part1.zip,https://fei.edu.br/~cet/frontalimages_manuallyaligned_part1.zip,FEI-research-only,False,,publisher_manual,publisher_manually_aligned,dev
fei_0074_b,fei_0074,74,b,smile,processed/fei_aligned/74b.jpg,962d94bd5bedbab3e8f8d02ea099e66c3391ab6403cfa8e120672c3b4b57e8ab,frontalimages_manuallyaligned_part1.zip,https://fei.edu.br/~cet/frontalimages_manuallyaligned_part1.zip,FEI-research-only,False,,publisher_manual,publisher_manually_aligned,dev
fei_0075_a,fei_0075,75,a,neutral,processed/fei_aligned/75a.jpg,72b4d8ceef5477a999120f4e79d5cc1dddd653e73f832ffb41d6c199c607b707,frontalimages_manuallyaligned_part1.zip,https://fei.edu.br/~cet/frontalimages_manuallyaligned_part1.zip,FEI-research-only,False,,publisher_manual,publisher_manually_aligned,dev
fei_0075_b,fei_0075,75,b,smile,processed/fei_aligned/75b.jpg,f524dcec68f7e5c821b04da7937242de516e3d88430395b1b16691fd3da3e71c,frontalimages_manuallyaligned_part1.zip,https://fei.edu.br/~cet/frontalimages_manuallyaligned_part1.zip,FEI-research-only,False,,publisher_manual,publisher_manually_aligned,dev
fei_0076_a,fei_0076,76,a,neutral,processed/fei_aligned/76a.jpg,97480a88c5fe585f2b1dd104bf87d4f314e4cc4e7a5005ee37e19e14d5300312,frontalimages_manuallyaligned_part1.zip,https://fei.edu.br/~cet/frontalimages_manuallyaligned_part1.zip,FEI-research-only,False,,publisher_manual,publisher_manually_aligned,dev
fei_0076_b,fei_0076,76,b,smile,processed/fei_aligned/76b.jpg,a83f6ae3c6f601b7a3d80afd1a2d5089de03d7bd0da37e2ff9fcc3f7256772e4,frontalimages_manuallyaligned_part1.zip,https://fei.edu.br/~cet/frontalimages_manuallyaligned_part1.zip,FEI-research-only,False,,publisher_manual,publisher_manually_aligned,dev
fei_0077_a,fei_0077,77,a,neutral,processed/fei_aligned/77a.jpg,49af663bcdeb941cc596cd8082151748f7f61f77968b9847305a2f7b18df7bb8,frontalimages_manuallyaligned_part1.zip,https://fei.edu.br/~cet/frontalimages_manuallyaligned_part1.zip,FEI-research-only,False,,publisher_manual,publisher_manually_aligned,dev
fei_0077_b,fei_0077,77,b,smile,processed/fei_aligned/77b.jpg,f39151b847571e71b46fc88c52644827b5063495ac4a300ea39e9c755c844b32,frontalimages_manuallyaligned_part1.zip,https://fei.edu.br/~cet/frontalimages_manuallyaligned_part1.zip,FEI-research-only,False,,publisher_manual,publisher_manually_aligned,dev
fei_0078_a,fei_0078,78,a,neutral,processed/fei_aligned/78a.jpg,ebbaa0fc10f9b83619a03b2e9bf6070e3cec3a8dce6f12169ceaa81f7a4d5a74,frontalimages_manuallyaligned_part1.zip,https://fei.edu.br/~cet/frontalimages_manuallyaligned_part1.zip,FEI-research-only,False,,publisher_manual,publisher_manually_aligned,val
fei_0078_b,fei_0078,78,b,smile,processed/fei_aligned/78b.jpg,4b53b9b0bd79f98afa8f00c5c08e9864fd94775d2cf5fa0c8c157e04f35e352d,frontalimages_manuallyaligned_part1.zip,https://fei.edu.br/~cet/frontalimages_manuallyaligned_part1.zip,FEI-research-only,False,,publisher_manual,publisher_manually_aligned,val
fei_0079_a,fei_0079,79,a,neutral,processed/fei_aligned/79a.jpg,a2939e6f03836644ccc8f12d4bd49ae6498ecc44c8921d66eea70c91fe6d4180,frontalimages_manuallyaligned_part1.zip,https://fei.edu.br/~cet/frontalimages_manuallyaligned_part1.zip,FEI-research-only,False,,publisher_manual,publisher_manually_aligned,test
fei_0079_b,fei_0079,79,b,smile,processed/fei_aligned/79b.jpg,631eafd580ba602785ab196ff694f9773f16135686cff35280b801d6b9ab4c55,frontalimages_manuallyaligned_part1.zip,https://fei.edu.br/~cet/frontalimages_manuallyaligned_part1.zip,FEI-research-only,False,,publisher_manual,publisher_manually_aligned,test
fei_0080_a,fei_0080,80,a,neutral,processed/fei_aligned/80a.jpg,ec77d0573ae1585e1b62db225fab72ca0259270e0cabaa5fa87e401a489ab591,frontalimages_manuallyaligned_part1.zip,https://fei.edu.br/~cet/frontalimages_manuallyaligned_part1.zip,FEI-research-only,False,,publisher_manual,publisher_manually_aligned,val
fei_0080_b,fei_0080,80,b,smile,processed/fei_aligned/80b.jpg,5823fd6d4da4f71b6cc92a71e4436aa6f1ca91f6dcfadacb835587968ef0c399,frontalimages_manuallyaligned_part1.zip,https://fei.edu.br/~cet/frontalimages_manuallyaligned_part1.zip,FEI-research-only,False,,publisher_manual,publisher_manually_aligned,val
fei_0081_a,fei_0081,81,a,neutral,processed/fei_aligned/81a.jpg,6872aefd683b093fe8ec196ea733d7e8c4aea7b4825c18e98ca43e969c535f31,frontalimages_manuallyaligned_part1.zip,https://fei.edu.br/~cet/frontalimages_manuallyaligned_part1.zip,FEI-research-only,False,,publisher_manual,publisher_manually_aligned,val
fei_0081_b,fei_0081,81,b,smile,processed/fei_aligned/81b.jpg,59e27f1a1bb6621acf1fba138241268f98c0ac5336ff6e168a0488ff2fe4a3f8,frontalimages_manuallyaligned_part1.zip,https://fei.edu.br/~cet/frontalimages_manuallyaligned_part1.zip,FEI-research-only,False,,publisher_manual,publisher_manually_aligned,val
fei_0082_a,fei_0082,82,a,neutral,processed/fei_aligned/82a.jpg,1d1aad0aa0d280ddf46c3d86c1375899cb7c04712417a4c6e5f389847ff7c14f,frontalimages_manuallyaligned_part1.zip,https://fei.edu.br/~cet/frontalimages_manuallyaligned_part1.zip,FEI-research-only,False,,publisher_manual,publisher_manually_aligned,dev
fei_0082_b,fei_0082,82,b,smile,processed/fei_aligned/82b.jpg,65b274935c5b8015eb2ef95a06ef7824d280a9cd967b8cf6dd40dcead919d11b,frontalimages_manuallyaligned_part1.zip,https://fei.edu.br/~cet/frontalimages_manuallyaligned_part1.zip,FEI-research-only,False,,publisher_manual,publisher_manually_aligned,dev
fei_0083_a,fei_0083,83,a,neutral,processed/fei_aligned/83a.jpg,7005156f27e8884867c71c7a22850034a0498cf581161e75c0f213a9a781f605,frontalimages_manuallyaligned_part1.zip,https://fei.edu.br/~cet/frontalimages_manuallyaligned_part1.zip,FEI-research-only,False,,publisher_manual,publisher_manually_aligned,dev
fei_0083_b,fei_0083,83,b,smile,processed/fei_aligned/83b.jpg,5f7408b8434c469c20938ca41adb6de8079cc728a59df85f17fe6804c4b91df5,frontalimages_manuallyaligned_part1.zip,https://fei.edu.br/~cet/frontalimages_manuallyaligned_part1.zip,FEI-research-only,False,,publisher_manual,publisher_manually_aligned,dev
fei_0084_a,fei_0084,84,a,neutral,processed/fei_aligned/84a.jpg,b27e4812310d5111b2f2ae7ffc99e0c45093354e43cdd53a15741e0739f1e1e8,frontalimages_manuallyaligned_part1.zip,https://fei.edu.br/~cet/frontalimages_manuallyaligned_part1.zip,FEI-research-only,False,,publisher_manual,publisher_manually_aligned,test
fei_0084_b,fei_0084,84,b,smile,processed/fei_aligned/84b.jpg,618954a4f028914d92446817a16cd40c4f9ff121d653fc95a82cd87046afea4d,frontalimages_manuallyaligned_part1.zip,https://fei.edu.br/~cet/frontalimages_manuallyaligned_part1.zip,FEI-research-only,False,,publisher_manual,publisher_manually_aligned,test
fei_0085_a,fei_0085,85,a,neutral,processed/fei_aligned/85a.jpg,c0a536d17e6f26109b5ce3b6d7206ffc78bc553a05a7270f5a5a08c6ea489a3b,frontalimages_manuallyaligned_part1.zip,https://fei.edu.br/~cet/frontalimages_manuallyaligned_part1.zip,FEI-research-only,False,,publisher_manual,publisher_manually_aligned,val
fei_0085_b,fei_0085,85,b,smile,processed/fei_aligned/85b.jpg,71f2709a8bc6d252aabff89443443961e8d0e77931eefc117f7fa4316d06a521,frontalimages_manuallyaligned_part1.zip,https://fei.edu.br/~cet/frontalimages_manuallyaligned_part1.zip,FEI-research-only,False,,publisher_manual,publisher_manually_aligned,val
fei_0086_a,fei_0086,86,a,neutral,processed/fei_aligned/86a.jpg,89ead986921d11e85aea4149e1a2d4fd8419e58c4f7e84fddf5bf801ee9ed18c,frontalimages_manuallyaligned_part1.zip,https://fei.edu.br/~cet/frontalimages_manuallyaligned_part1.zip,FEI-research-only,False,,publisher_manual,publisher_manually_aligned,val
fei_0086_b,fei_0086,86,b,smile,processed/fei_aligned/86b.jpg,1ad175e688fdad6714e6c2d2e8ab7e4f4aea727512433a82b09f49e65db9141d,frontalimages_manuallyaligned_part1.zip,https://fei.edu.br/~cet/frontalimages_manuallyaligned_part1.zip,FEI-research-only,False,,publisher_manual,publisher_manually_aligned,val
fei_0087_a,fei_0087,87,a,neutral,processed/fei_aligned/87a.jpg,e2d108b23f89981406e2ade6a3a927ea677aa36247335dd80768aa083c4ea997,frontalimages_manuallyaligned_part1.zip,https://fei.edu.br/~cet/frontalimages_manuallyaligned_part1.zip,FEI-research-only,False,,publisher_manual,publisher_manually_aligned,dev
fei_0087_b,fei_0087,87,b,smile,processed/fei_aligned/87b.jpg,75fe97604a295157d5c0138a958e794709c46c3ae81f07acd03eb528f369484b,frontalimages_manuallyaligned_part1.zip,https://fei.edu.br/~cet/frontalimages_manuallyaligned_part1.zip,FEI-research-only,False,,publisher_manual,publisher_manually_aligned,dev
fei_0088_a,fei_0088,88,a,neutral,processed/fei_aligned/88a.jpg,7e7f7d149d0564f75423c34be245b04079a100cfd2610ebcc45b20aed7e694cd,frontalimages_manuallyaligned_part1.zip,https://fei.edu.br/~cet/frontalimages_manuallyaligned_part1.zip,FEI-research-only,False,,publisher_manual,publisher_manually_aligned,dev
fei_0088_b,fei_0088,88,b,smile,processed/fei_aligned/88b.jpg,10b05e16526aacdb3bc52bdf618c914812fa10570a770b471959599d27da9481,frontalimages_manuallyaligned_part1.zip,https://fei.edu.br/~cet/frontalimages_manuallyaligned_part1.zip,FEI-research-only,False,,publisher_manual,publisher_manually_aligned,dev
fei_0089_a,fei_0089,89,a,neutral,processed/fei_aligned/89a.jpg,87acaca5bb62947e1bb1fe50bbac5207f03ec4c8739f6a0b362a08d80ed4664f,frontalimages_manuallyaligned_part1.zip,https://fei.edu.br/~cet/frontalimages_manuallyaligned_part1.zip,FEI-research-only,False,,publisher_manual,publisher_manually_aligned,dev
fei_0089_b,fei_0089,89,b,smile,processed/fei_aligned/89b.jpg,168a98579df1a12e79826975f00429d501dec8d5e3309ac0469522ed89913385,frontalimages_manuallyaligned_part1.zip,https://fei.edu.br/~cet/frontalimages_manuallyaligned_part1.zip,FEI-research-only,False,,publisher_manual,publisher_manually_aligned,dev
fei_0090_a,fei_0090,90,a,neutral,processed/fei_aligned/90a.jpg,5a8ead040c488e11ce2034cdf0869a0a2100a7153d2ea51e0470612023c8be1f,frontalimages_manuallyaligned_part1.zip,https://fei.edu.br/~cet/frontalimages_manuallyaligned_part1.zip,FEI-research-only,False,,publisher_manual,publisher_manually_aligned,dev
fei_0090_b,fei_0090,90,b,smile,processed/fei_aligned/90b.jpg,f3dc8f8710a890fd683dfea5ebd771416cb6113ed68c3e88f715fe96556e1775,frontalimages_manuallyaligned_part1.zip,https://fei.edu.br/~cet/frontalimages_manuallyaligned_part1.zip,FEI-research-only,False,,publisher_manual,publisher_manually_aligned,dev
fei_0091_a,fei_0091,91,a,neutral,processed/fei_aligned/91a.jpg,7348fb62979251654655ff14f7f8a7678346c5681e9682593d313350aa1350bd,frontalimages_manuallyaligned_part1.zip,https://fei.edu.br/~cet/frontalimages_manuallyaligned_part1.zip,FEI-research-only,False,,publisher_manual,publisher_manually_aligned,dev
fei_0091_b,fei_0091,91,b,smile,processed/fei_aligned/91b.jpg,959a35b0dc6d7cd669bcbadb833fab9d40d379675691a56687e798e766af4bf2,frontalimages_manuallyaligned_part1.zip,https://fei.edu.br/~cet/frontalimages_manuallyaligned_part1.zip,FEI-research-only,False,,publisher_manual,publisher_manually_aligned,dev
fei_0092_a,fei_0092,92,a,neutral,processed/fei_aligned/92a.jpg,79d3d1e7b0a823caa997758f6c8d4a39c4f20011372de36d729a5ebd2f56ebeb,frontalimages_manuallyaligned_part1.zip,https://fei.edu.br/~cet/frontalimages_manuallyaligned_part1.zip,FEI-research-only,False,,publisher_manual,publisher_manually_aligned,dev
fei_0092_b,fei_0092,92,b,smile,processed/fei_aligned/92b.jpg,9fe13b73985cdd51722235f4a07ec9c6d8d5a4dcf1015c0471182f7184449172,frontalimages_manuallyaligned_part1.zip,https://fei.edu.br/~cet/frontalimages_manuallyaligned_part1.zip,FEI-research-only,False,,publisher_manual,publisher_manually_aligned,dev
fei_0093_a,fei_0093,93,a,neutral,processed/fei_aligned/93a.jpg,2d6d9c5b183ba4269727fd8db100e3fecfd8d7593d0bf7c65efa2b0ad6bfcd58,frontalimages_manuallyaligned_part1.zip,https://fei.edu.br/~cet/frontalimages_manuallyaligned_part1.zip,FEI-research-only,False,,publisher_manual,publisher_manually_aligned,dev
fei_0093_b,fei_0093,93,b,smile,processed/fei_aligned/93b.jpg,c7d10c565d9785d875e84eec4c5af36545528711f8d4ab3cfaa3f9b94291f7c4,frontalimages_manuallyaligned_part1.zip,https://fei.edu.br/~cet/frontalimages_manuallyaligned_part1.zip,FEI-research-only,False,,publisher_manual,publisher_manually_aligned,dev
fei_0094_a,fei_0094,94,a,neutral,processed/fei_aligned/94a.jpg,1b9999cb5111d1f79d250629f4c243aafa1546212a044f275567a052d6a3449a,frontalimages_manuallyaligned_part1.zip,https://fei.edu.br/~cet/frontalimages_manuallyaligned_part1.zip,FEI-research-only,False,,publisher_manual,publisher_manually_aligned,dev
fei_0094_b,fei_0094,94,b,smile,processed/fei_aligned/94b.jpg,5cdfbfdde6c4fc19210d6704689146900d6f6a676c811d21b0e92d660d4fecfe,frontalimages_manuallyaligned_part1.zip,https://fei.edu.br/~cet/frontalimages_manuallyaligned_part1.zip,FEI-research-only,False,,publisher_manual,publisher_manually_aligned,dev
fei_0095_a,fei_0095,95,a,neutral,processed/fei_aligned/95a.jpg,98ee05b8af2034bae6ac84217a698d3f16671e387adfb49353cbd9e96c7790db,frontalimages_manuallyaligned_part1.zip,https://fei.edu.br/~cet/frontalimages_manuallyaligned_part1.zip,FEI-research-only,False,,publisher_manual,publisher_manually_aligned,dev
fei_0095_b,fei_0095,95,b,smile,processed/fei_aligned/95b.jpg,5b1d8b13fcceef635f22ec7bae0fc9dd877b93f7fdb338edf906e3632ede3ea6,frontalimages_manuallyaligned_part1.zip,https://fei.edu.br/~cet/frontalimages_manuallyaligned_part1.zip,FEI-research-only,False,,publisher_manual,publisher_manually_aligned,dev
fei_0096_a,fei_0096,96,a,neutral,processed/fei_aligned/96a.jpg,433b4f9d64aa1c82a45d89a0316e33443c1f4a3046129cba148e10b6c8a99ab1,frontalimages_manuallyaligned_part1.zip,https://fei.edu.br/~cet/frontalimages_manuallyaligned_part1.zip,FEI-research-only,False,,publisher_manual,publisher_manually_aligned,dev
fei_0096_b,fei_0096,96,b,smile,processed/fei_aligned/96b.jpg,53fe29e356969ff4b7c566698527851836c9c1d4c45e671f677af17ed275f246,frontalimages_manuallyaligned_part1.zip,https://fei.edu.br/~cet/frontalimages_manuallyaligned_part1.zip,FEI-research-only,False,,publisher_manual,publisher_manually_aligned,dev
fei_0097_a,fei_0097,97,a,neutral,processed/fei_aligned/97a.jpg,3746caf72339c33e56f7c77a08852b7bc0e4ca5f5978774b4d4abc75c36c08c8,frontalimages_manuallyaligned_part1.zip,https://fei.edu.br/~cet/frontalimages_manuallyaligned_part1.zip,FEI-research-only,False,,publisher_manual,publisher_manually_aligned,val
fei_0097_b,fei_0097,97,b,smile,processed/fei_aligned/97b.jpg,2775e9cab19ff4e7f17e0bb988f069fe8267c8c84d0cd25252f7c70814885d2f,frontalimages_manuallyaligned_part1.zip,https://fei.edu.br/~cet/frontalimages_manuallyaligned_part1.zip,FEI-research-only,False,,publisher_manual,publisher_manually_aligned,val
fei_0098_a,fei_0098,98,a,neutral,processed/fei_aligned/98a.jpg,cd9082c45c62e8b9483b8d7b9e61325888973bb99d73c5952d7ed3f8846dcf24,frontalimages_manuallyaligned_part1.zip,https://fei.edu.br/~cet/frontalimages_manuallyaligned_part1.zip,FEI-research-only,False,,publisher_manual,publisher_manually_aligned,val
fei_0098_b,fei_0098,98,b,smile,processed/fei_aligned/98b.jpg,bde5e2a4627325a49270839d7579c1d3ca8a37b6f031cbf022cf539bbef6028a,frontalimages_manuallyaligned_part1.zip,https://fei.edu.br/~cet/frontalimages_manuallyaligned_part1.zip,FEI-research-only,False,,publisher_manual,publisher_manually_aligned,val
fei_0099_a,fei_0099,99,a,neutral,processed/fei_aligned/99a.jpg,747b2e71b418a839dde5cb0dca3267533fae95e5d8eab3401944d65a3235aba1,frontalimages_manuallyaligned_part1.zip,https://fei.edu.br/~cet/frontalimages_manuallyaligned_part1.zip,FEI-research-only,False,,publisher_manual,publisher_manually_aligned,test
fei_0099_b,fei_0099,99,b,smile,processed/fei_aligned/99b.jpg,f97bf2a1966677e4473ddb4176bf061dbef4ed3aa69ad6e45874e29499da0b58,frontalimages_manuallyaligned_part1.zip,https://fei.edu.br/~cet/frontalimages_manuallyaligned_part1.zip,FEI-research-only,False,,publisher_manual,publisher_manually_aligned,test
fei_0100_a,fei_0100,100,a,neutral,processed/fei_aligned/100a.jpg,faac5f7a0e4ff5241a2c2561f28ac805c38d6f058d07e71047e56d72a451c50d,frontalimages_manuallyaligned_part1.zip,https://fei.edu.br/~cet/frontalimages_manuallyaligned_part1.zip,FEI-research-only,False,,publisher_manual,publisher_manually_aligned,test
fei_0100_b,fei_0100,100,b,smile,processed/fei_aligned/100b.jpg,fb9cc23b5e22f752686e95a2407f4926c6fdb49c0aba5f8e34024592deccaeab,frontalimages_manuallyaligned_part1.zip,https://fei.edu.br/~cet/frontalimages_manuallyaligned_part1.zip,FEI-research-only,False,,publisher_manual,publisher_manually_aligned,test
fei_0101_a,fei_0101,101,a,neutral,processed/fei_aligned/101a.jpg,8e9834501ac6ed5dc81010e2b091e12889004ff97bd53824eb0723de39bd2f4a,frontalimages_manuallyaligned_part2.zip,https://fei.edu.br/~cet/frontalimages_manuallyaligned_part2.zip,FEI-research-only,False,,publisher_manual,publisher_manually_aligned,dev
fei_0101_b,fei_0101,101,b,smile,processed/fei_aligned/101b.jpg,d2f78b9e19c5bb95abf0486f14724fb1436efa96e20720112890083b41d3d8fe,frontalimages_manuallyaligned_part2.zip,https://fei.edu.br/~cet/frontalimages_manuallyaligned_part2.zip,FEI-research-only,False,,publisher_manual,publisher_manually_aligned,dev
fei_0102_a,fei_0102,102,a,neutral,processed/fei_aligned/102a.jpg,71ae7bdae9df48b6a6b826e1712cb052571942e12b8357e8c753ca3546acc3a9,frontalimages_manuallyaligned_part2.zip,https://fei.edu.br/~cet/frontalimages_manuallyaligned_part2.zip,FEI-research-only,False,,publisher_manual,publisher_manually_aligned,dev
fei_0102_b,fei_0102,102,b,smile,processed/fei_aligned/102b.jpg,5bcc27c2cab360d51a3d5d01f68106275de30e78a3abe8afdb16fd0f2c06aaa9,frontalimages_manuallyaligned_part2.zip,https://fei.edu.br/~cet/frontalimages_manuallyaligned_part2.zip,FEI-research-only,False,,publisher_manual,publisher_manually_aligned,dev
fei_0103_a,fei_0103,103,a,neutral,processed/fei_aligned/103a.jpg,77c5c1b7a888ebcdd10a5a5a65d6c82d6697e77a5840cbf23d99e7a660ee086d,frontalimages_manuallyaligned_part2.zip,https://fei.edu.br/~cet/frontalimages_manuallyaligned_part2.zip,FEI-research-only,False,,publisher_manual,publisher_manually_aligned,val
fei_0103_b,fei_0103,103,b,smile,processed/fei_aligned/103b.jpg,ac16365353a2bf8b4c553edce47970e8ed80f811da3b46c11d1b99c75fde90a5,frontalimages_manuallyaligned_part2.zip,https://fei.edu.br/~cet/frontalimages_manuallyaligned_part2.zip,FEI-research-only,False,,publisher_manual,publisher_manually_aligned,val
fei_0104_a,fei_0104,104,a,neutral,processed/fei_aligned/104a.jpg,c91942214dc36b0ead428673b3ce35d3439a74c573f42ec06d6ad3b038a1efb4,frontalimages_manuallyaligned_part2.zip,https://fei.edu.br/~cet/frontalimages_manuallyaligned_part2.zip,FEI-research-only,False,,publisher_manual,publisher_manually_aligned,dev
fei_0104_b,fei_0104,104,b,smile,processed/fei_aligned/104b.jpg,343656ce90b442d6cb81180efcc24fce2cba6181e66b148e85fefdbfa7cf8f08,frontalimages_manuallyaligned_part2.zip,https://fei.edu.br/~cet/frontalimages_manuallyaligned_part2.zip,FEI-research-only,False,,publisher_manual,publisher_manually_aligned,dev
fei_0105_a,fei_0105,105,a,neutral,processed/fei_aligned/105a.jpg,f443d3709201eea9d3cbfd81e7eaefc125adf4dd1f6ac238d35ee2d5e846e8ba,frontalimages_manuallyaligned_part2.zip,https://fei.edu.br/~cet/frontalimages_manuallyaligned_part2.zip,FEI-research-only,False,,publisher_manual,publisher_manually_aligned,val
fei_0105_b,fei_0105,105,b,smile,processed/fei_aligned/105b.jpg,9ff1ebcfca18c1f2635b6f41970685ccee326ba86f50901c322814e1c80d39bb,frontalimages_manuallyaligned_part2.zip,https://fei.edu.br/~cet/frontalimages_manuallyaligned_part2.zip,FEI-research-only,False,,publisher_manual,publisher_manually_aligned,val
fei_0106_a,fei_0106,106,a,neutral,processed/fei_aligned/106a.jpg,2cdb40e20e9fcd391ca08b28cf1757b0179e51c33135753b6cc21fc3caf6880d,frontalimages_manuallyaligned_part2.zip,https://fei.edu.br/~cet/frontalimages_manuallyaligned_part2.zip,FEI-research-only,False,,publisher_manual,publisher_manually_aligned,val
fei_0106_b,fei_0106,106,b,smile,processed/fei_aligned/106b.jpg,718810ff5b0482cae6b087ebb4d23efb123a48084a9cc420edff1effa0d0f394,frontalimages_manuallyaligned_part2.zip,https://fei.edu.br/~cet/frontalimages_manuallyaligned_part2.zip,FEI-research-only,False,,publisher_manual,publisher_manually_aligned,val
fei_0107_a,fei_0107,107,a,neutral,processed/fei_aligned/107a.jpg,e6569f4d80844c16e0fb19440fd553a5f256905b9bf5ae777f8e09d307e7c2c8,frontalimages_manuallyaligned_part2.zip,https://fei.edu.br/~cet/frontalimages_manuallyaligned_part2.zip,FEI-research-only,False,,publisher_manual,publisher_manually_aligned,val
fei_0107_b,fei_0107,107,b,smile,processed/fei_aligned/107b.jpg,72cc8eee82b3002b1eb3b631c15e21129bf1c4e5c907774ec3e8c9c562890910,frontalimages_manuallyaligned_part2.zip,https://fei.edu.br/~cet/frontalimages_manuallyaligned_part2.zip,FEI-research-only,False,,publisher_manual,publisher_manually_aligned,val
fei_0108_a,fei_0108,108,a,neutral,processed/fei_aligned/108a.jpg,06f19127853f44d0b982eca78a1337fe4cdae87b0f389808f080b104dd4a35c1,frontalimages_manuallyaligned_part2.zip,https://fei.edu.br/~cet/frontalimages_manuallyaligned_part2.zip,FEI-research-only,False,,publisher_manual,publisher_manually_aligned,val
fei_0108_b,fei_0108,108,b,smile,processed/fei_aligned/108b.jpg,e6de1bf0de67943d474c18cd99cd0072c413e951896dc6be2ed8ac77116344dd,frontalimages_manuallyaligned_part2.zip,https://fei.edu.br/~cet/frontalimages_manuallyaligned_part2.zip,FEI-research-only,False,,publisher_manual,publisher_manually_aligned,val
fei_0109_a,fei_0109,109,a,neutral,processed/fei_aligned/109a.jpg,ac470d4da0faa89cc4be565e4026e9b42b9af7ee0f18779ea434c1cfd992498a,frontalimages_manuallyaligned_part2.zip,https://fei.edu.br/~cet/frontalimages_manuallyaligned_part2.zip,FEI-research-only,False,,publisher_manual,publisher_manually_aligned,dev
fei_0109_b,fei_0109,109,b,smile,processed/fei_aligned/109b.jpg,f228b69aedaff2a46916608766085ae5c5ce08dd0e39ff5b04678cf7357e3149,frontalimages_manuallyaligned_part2.zip,https://fei.edu.br/~cet/frontalimages_manuallyaligned_part2.zip,FEI-research-only,False,,publisher_manual,publisher_manually_aligned,dev
fei_0110_a,fei_0110,110,a,neutral,processed/fei_aligned/110a.jpg,5c1d889b292ab48a89cf50115f9dcc4ba4b75374d2b5c442b80d306bb2e16e5b,frontalimages_manuallyaligned_part2.zip,https://fei.edu.br/~cet/frontalimages_manuallyaligned_part2.zip,FEI-research-only,False,,publisher_manual,publisher_manually_aligned,dev
fei_0110_b,fei_0110,110,b,smile,processed/fei_aligned/110b.jpg,e071f100417702f5e900491bcf99dafa9058ade177140e85e09d74e9163275bd,frontalimages_manuallyaligned_part2.zip,https://fei.edu.br/~cet/frontalimages_manuallyaligned_part2.zip,FEI-research-only,False,,publisher_manual,publisher_manually_aligned,dev
fei_0111_a,fei_0111,111,a,neutral,processed/fei_aligned/111a.jpg,59681c19ad8cf0ea9e6220ebec5b62ed2cd1b1bdf60ee183507d5863f10247eb,frontalimages_manuallyaligned_part2.zip,https://fei.edu.br/~cet/frontalimages_manuallyaligned_part2.zip,FEI-research-only,False,,publisher_manual,publisher_manually_aligned,test
fei_0111_b,fei_0111,111,b,smile,processed/fei_aligned/111b.jpg,f94dc0846d050b8630ce6e2e2cd95f13a8254c25b4aec0d98836c54f1f0b78fa,frontalimages_manuallyaligned_part2.zip,https://fei.edu.br/~cet/frontalimages_manuallyaligned_part2.zip,FEI-research-only,False,,publisher_manual,publisher_manually_aligned,test
fei_0112_a,fei_0112,112,a,neutral,processed/fei_aligned/112a.jpg,ebbd1cd751a541e70b0ee025bf71f4957505b4e047e2306f0c9d01b24770f37f,frontalimages_manuallyaligned_part2.zip,https://fei.edu.br/~cet/frontalimages_manuallyaligned_part2.zip,FEI-research-only,False,,publisher_manual,publisher_manually_aligned,dev
fei_0112_b,fei_0112,112,b,smile,processed/fei_aligned/112b.jpg,887b262ee530f40b7d9c02cfc5d3bb377022479a1712988b4896ab8126ad0e94,frontalimages_manuallyaligned_part2.zip,https://fei.edu.br/~cet/frontalimages_manuallyaligned_part2.zip,FEI-research-only,False,,publisher_manual,publisher_manually_aligned,dev
fei_0113_a,fei_0113,113,a,neutral,processed/fei_aligned/113a.jpg,a437889f00b1e06201f96d46b6f64bd217253b9e6329de1dea3f994413a3a3e8,frontalimages_manuallyaligned_part2.zip,https://fei.edu.br/~cet/frontalimages_manuallyaligned_part2.zip,FEI-research-only,False,,publisher_manual,publisher_manually_aligned,dev
fei_0113_b,fei_0113,113,b,smile,processed/fei_aligned/113b.jpg,657b39c0993d99b9e7a8f9fd0f1f35c793821eef5b2fd3e825f7fd98555828e1,frontalimages_manuallyaligned_part2.zip,https://fei.edu.br/~cet/frontalimages_manuallyaligned_part2.zip,FEI-research-only,False,,publisher_manual,publisher_manually_aligned,dev
fei_0114_a,fei_0114,114,a,neutral,processed/fei_aligned/114a.jpg,42eb94276157be0122140d2f4dd8b2a41d26c7e5f20645ecc28da518e38827c5,frontalimages_manuallyaligned_part2.zip,https://fei.edu.br/~cet/frontalimages_manuallyaligned_part2.zip,FEI-research-only,False,,publisher_manual,publisher_manually_aligned,dev
fei_0114_b,fei_0114,114,b,smile,processed/fei_aligned/114b.jpg,ee0c72df7c7fafae80b6438b25426b7b8dbcf6d600a64069c21d58550fd2da27,frontalimages_manuallyaligned_part2.zip,https://fei.edu.br/~cet/frontalimages_manuallyaligned_part2.zip,FEI-research-only,False,,publisher_manual,publisher_manually_aligned,dev
fei_0115_a,fei_0115,115,a,neutral,processed/fei_aligned/115a.jpg,cb6c92b8d0c18aab30d5573dae7d6a54e36582a87f0bd2666123f3d463b9a5a3,frontalimages_manuallyaligned_part2.zip,https://fei.edu.br/~cet/frontalimages_manuallyaligned_part2.zip,FEI-research-only,False,,publisher_manual,publisher_manually_aligned,test
fei_0115_b,fei_0115,115,b,smile,processed/fei_aligned/115b.jpg,15b07417aa991f05081a190027193c48b95cca63dd66ac8a834f22346752ebd5,frontalimages_manuallyaligned_part2.zip,https://fei.edu.br/~cet/frontalimages_manuallyaligned_part2.zip,FEI-research-only,False,,publisher_manual,publisher_manually_aligned,test
fei_0116_a,fei_0116,116,a,neutral,processed/fei_aligned/116a.jpg,fefc432760ea0df087a21a953921c50abdc1f6cf7152ba116bdf5afad50d1339,frontalimages_manuallyaligned_part2.zip,https://fei.edu.br/~cet/frontalimages_manuallyaligned_part2.zip,FEI-research-only,False,,publisher_manual,publisher_manually_aligned,dev
fei_0116_b,fei_0116,116,b,smile,processed/fei_aligned/116b.jpg,8af32c3192e3438f93c3f7230869d7b3e983e4dd20464f1af93e68fc02e3515c,frontalimages_manuallyaligned_part2.zip,https://fei.edu.br/~cet/frontalimages_manuallyaligned_part2.zip,FEI-research-only,False,,publisher_manual,publisher_manually_aligned,dev
fei_0117_a,fei_0117,117,a,neutral,processed/fei_aligned/117a.jpg,f13fa08b77a87e1a628cfbec16460b4d8d46ba5bb312fc82acda2931f5a08c74,frontalimages_manuallyaligned_part2.zip,https://fei.edu.br/~cet/frontalimages_manuallyaligned_part2.zip,FEI-research-only,False,,publisher_manual,publisher_manually_aligned,test
fei_0117_b,fei_0117,117,b,smile,processed/fei_aligned/117b.jpg,4067823c53b7ef2a65f38c1df94f5dc3477a16f16e09097de1fab62bf9ae24e9,frontalimages_manuallyaligned_part2.zip,https://fei.edu.br/~cet/frontalimages_manuallyaligned_part2.zip,FEI-research-only,False,,publisher_manual,publisher_manually_aligned,test
fei_0118_a,fei_0118,118,a,neutral,processed/fei_aligned/118a.jpg,3e1c33e4c37af28dbbaa5336c6e02ab2f6955638d3a981cd91be523fd2b0e42d,frontalimages_manuallyaligned_part2.zip,https://fei.edu.br/~cet/frontalimages_manuallyaligned_part2.zip,FEI-research-only,False,,publisher_manual,publisher_manually_aligned,dev
fei_0118_b,fei_0118,118,b,smile,processed/fei_aligned/118b.jpg,59651ed28f116a05a6fa9b6372d99bec373667a7d1262dfb6b789f4aee515083,frontalimages_manuallyaligned_part2.zip,https://fei.edu.br/~cet/frontalimages_manuallyaligned_part2.zip,FEI-research-only,False,,publisher_manual,publisher_manually_aligned,dev
fei_0119_a,fei_0119,119,a,neutral,processed/fei_aligned/119a.jpg,aeb7e999a1b987d76c5a0734515e1d8916f8728c0972d26becd51eb891d80c89,frontalimages_manuallyaligned_part2.zip,https://fei.edu.br/~cet/frontalimages_manuallyaligned_part2.zip,FEI-research-only,False,,publisher_manual,publisher_manually_aligned,dev
fei_0119_b,fei_0119,119,b,smile,processed/fei_aligned/119b.jpg,3c7213ead59e5066a1e4f05aefe64839c2e27f87eb195bd13d8e5b5287bb6fcb,frontalimages_manuallyaligned_part2.zip,https://fei.edu.br/~cet/frontalimages_manuallyaligned_part2.zip,FEI-research-only,False,,publisher_manual,publisher_manually_aligned,dev
fei_0120_a,fei_0120,120,a,neutral,processed/fei_aligned/120a.jpg,929b812a5db20bfaa28f9ff0d991528694eab0f34a4b6f25e8715b78922e49fc,frontalimages_manuallyaligned_part2.zip,https://fei.edu.br/~cet/frontalimages_manuallyaligned_part2.zip,FEI-research-only,False,,publisher_manual,publisher_manually_aligned,val
fei_0120_b,fei_0120,120,b,smile,processed/fei_aligned/120b.jpg,dadaf114070caba8cdd48a4ae862c1df60f7e9ffdd43e49ee5d2ccbd9ad816a8,frontalimages_manuallyaligned_part2.zip,https://fei.edu.br/~cet/frontalimages_manuallyaligned_part2.zip,FEI-research-only,False,,publisher_manual,publisher_manually_aligned,val
fei_0121_a,fei_0121,121,a,neutral,processed/fei_aligned/121a.jpg,ef8e9064a845195c7b39d03d8fdb252a562847dd77d465bddf6f948131566194,frontalimages_manuallyaligned_part2.zip,https://fei.edu.br/~cet/frontalimages_manuallyaligned_part2.zip,FEI-research-only,False,,publisher_manual,publisher_manually_aligned,test
fei_0121_b,fei_0121,121,b,smile,processed/fei_aligned/121b.jpg,e992743f668fd939e2f7c3c2806a5750d3b925d3906e289e7158e773b9efc9a7,frontalimages_manuallyaligned_part2.zip,https://fei.edu.br/~cet/frontalimages_manuallyaligned_part2.zip,FEI-research-only,False,,publisher_manual,publisher_manually_aligned,test
fei_0122_a,fei_0122,122,a,neutral,processed/fei_aligned/122a.jpg,76a51935bde12ad67cc4b555d92635d61d1069004694317208bcaaa5137b96db,frontalimages_manuallyaligned_part2.zip,https://fei.edu.br/~cet/frontalimages_manuallyaligned_part2.zip,FEI-research-only,False,,publisher_manual,publisher_manually_aligned,test
fei_0122_b,fei_0122,122,b,smile,processed/fei_aligned/122b.jpg,a3c02b958b8424e85e0ae2fae913b19f8495cc61617524649fa2583b83470980,frontalimages_manuallyaligned_part2.zip,https://fei.edu.br/~cet/frontalimages_manuallyaligned_part2.zip,FEI-research-only,False,,publisher_manual,publisher_manually_aligned,test
fei_0123_a,fei_0123,123,a,neutral,processed/fei_aligned/123a.jpg,cda4e03b2760e72d8d85ad5534db94f712d1c937373817f16b5c220adb3d6b44,frontalimages_manuallyaligned_part2.zip,https://fei.edu.br/~cet/frontalimages_manuallyaligned_part2.zip,FEI-research-only,False,,publisher_manual,publisher_manually_aligned,val
fei_0123_b,fei_0123,123,b,smile,processed/fei_aligned/123b.jpg,d68eb6c6832fe1e9555ca1b31a0b172b09af6e4dc0746c33ed6336276ce347ed,frontalimages_manuallyaligned_part2.zip,https://fei.edu.br/~cet/frontalimages_manuallyaligned_part2.zip,FEI-research-only,False,,publisher_manual,publisher_manually_aligned,val
fei_0124_a,fei_0124,124,a,neutral,processed/fei_aligned/124a.jpg,e447111d654765f5dbaf6bbe90335126c7c875b0e6e11214fca45bc54272fe26,frontalimages_manuallyaligned_part2.zip,https://fei.edu.br/~cet/frontalimages_manuallyaligned_part2.zip,FEI-research-only,False,,publisher_manual,publisher_manually_aligned,dev
fei_0124_b,fei_0124,124,b,smile,processed/fei_aligned/124b.jpg,55aa702a2cd614e934306fa9ba80c0d1e892c13d73cd9956038b462d957e5563,frontalimages_manuallyaligned_part2.zip,https://fei.edu.br/~cet/frontalimages_manuallyaligned_part2.zip,FEI-research-only,False,,publisher_manual,publisher_manually_aligned,dev
fei_0125_a,fei_0125,125,a,neutral,processed/fei_aligned/125a.jpg,abd9e237313d9166f1bd7992c8dae9accc2212c1939f3ddce4b30ae878ccd160,frontalimages_manuallyaligned_part2.zip,https://fei.edu.br/~cet/frontalimages_manuallyaligned_part2.zip,FEI-research-only,False,,publisher_manual,publisher_manually_aligned,dev
fei_0125_b,fei_0125,125,b,smile,processed/fei_aligned/125b.jpg,c4b1777fc3a8207a4145b25a566de95845d2bebdde9b2e4106c1b0f091c27440,frontalimages_manuallyaligned_part2.zip,https://fei.edu.br/~cet/frontalimages_manuallyaligned_part2.zip,FEI-research-only,False,,publisher_manual,publisher_manually_aligned,dev
fei_0126_a,fei_0126,126,a,neutral,processed/fei_aligned/126a.jpg,afb8a9a99701503427734a423823d6d3833923646d2f764cd70acb70065104c6,frontalimages_manuallyaligned_part2.zip,https://fei.edu.br/~cet/frontalimages_manuallyaligned_part2.zip,FEI-research-only,False,,publisher_manual,publisher_manually_aligned,dev
fei_0126_b,fei_0126,126,b,smile,processed/fei_aligned/126b.jpg,dc0e1c77d40e943617bbf0465b61a37c28aaf5a54540e42b3dd773e65c63e108,frontalimages_manuallyaligned_part2.zip,https://fei.edu.br/~cet/frontalimages_manuallyaligned_part2.zip,FEI-research-only,False,,publisher_manual,publisher_manually_aligned,dev
fei_0127_a,fei_0127,127,a,neutral,processed/fei_aligned/127a.jpg,d17533d4ae7c7b16d34d2239326a27256095edabadc7665b7305f41703c6fb69,frontalimages_manuallyaligned_part2.zip,https://fei.edu.br/~cet/frontalimages_manuallyaligned_part2.zip,FEI-research-only,False,,publisher_manual,publisher_manually_aligned,dev
fei_0127_b,fei_0127,127,b,smile,processed/fei_aligned/127b.jpg,bfa456cdeb4dffcf76606971fc7fb0c47eab4e18e9ef173d2507fc28d8a316d0,frontalimages_manuallyaligned_part2.zip,https://fei.edu.br/~cet/frontalimages_manuallyaligned_part2.zip,FEI-research-only,False,,publisher_manual,publisher_manually_aligned,dev
fei_0128_a,fei_0128,128,a,neutral,processed/fei_aligned/128a.jpg,2797e0cb5562c10b755d959d008ec27a90ff2d0f73c7c88335667bcc6018838c,frontalimages_manuallyaligned_part2.zip,https://fei.edu.br/~cet/frontalimages_manuallyaligned_part2.zip,FEI-research-only,False,,publisher_manual,publisher_manually_aligned,dev
fei_0128_b,fei_0128,128,b,smile,processed/fei_aligned/128b.jpg,0b9c36e65f81b77c7c659d10b4333966529c3acf1bb2fc84db00551729faaabd,frontalimages_manuallyaligned_part2.zip,https://fei.edu.br/~cet/frontalimages_manuallyaligned_part2.zip,FEI-research-only,False,,publisher_manual,publisher_manually_aligned,dev
fei_0129_a,fei_0129,129,a,neutral,processed/fei_aligned/129a.jpg,6472d0d31af169fdc092c33361c30462555d966dbf3fb5b3a2b04f706636fa24,frontalimages_manuallyaligned_part2.zip,https://fei.edu.br/~cet/frontalimages_manuallyaligned_part2.zip,FEI-research-only,False,,publisher_manual,publisher_manually_aligned,dev
fei_0129_b,fei_0129,129,b,smile,processed/fei_aligned/129b.jpg,8688a4a5d4ba6fa2c77894df865c8364eb9896202c25e09d98fed96d37503a3c,frontalimages_manuallyaligned_part2.zip,https://fei.edu.br/~cet/frontalimages_manuallyaligned_part2.zip,FEI-research-only,False,,publisher_manual,publisher_manually_aligned,dev
fei_0130_a,fei_0130,130,a,neutral,processed/fei_aligned/130a.jpg,e64f9abfd1789f4b916d3a802238f6831218231d4cfee297bcca989f198b63d6,frontalimages_manuallyaligned_part2.zip,https://fei.edu.br/~cet/frontalimages_manuallyaligned_part2.zip,FEI-research-only,False,,publisher_manual,publisher_manually_aligned,dev
fei_0130_b,fei_0130,130,b,smile,processed/fei_aligned/130b.jpg,546459b3fa7926cc657eba9018e1a7f15bf2a43a7061ca39b12032c27e737ee1,frontalimages_manuallyaligned_part2.zip,https://fei.edu.br/~cet/frontalimages_manuallyaligned_part2.zip,FEI-research-only,False,,publisher_manual,publisher_manually_aligned,dev
fei_0131_a,fei_0131,131,a,neutral,processed/fei_aligned/131a.jpg,ed60728573c1fe2c72d1c9fed5a9fdf381b9ebaff8a4f8b95954031ec3d2f0f5,frontalimages_manuallyaligned_part2.zip,https://fei.edu.br/~cet/frontalimages_manuallyaligned_part2.zip,FEI-research-only,False,,publisher_manual,publisher_manually_aligned,test
fei_0131_b,fei_0131,131,b,smile,processed/fei_aligned/131b.jpg,622c9f00ef606ef380166c06f1b0321774ab9057b092ea91599483bd23f461cf,frontalimages_manuallyaligned_part2.zip,https://fei.edu.br/~cet/frontalimages_manuallyaligned_part2.zip,FEI-research-only,False,,publisher_manual,publisher_manually_aligned,test
fei_0132_a,fei_0132,132,a,neutral,processed/fei_aligned/132a.jpg,e50fc84c699c194b6f9030ac3a06ae9a11b2f8682b04d9c20cfeeb35c2967e57,frontalimages_manuallyaligned_part2.zip,https://fei.edu.br/~cet/frontalimages_manuallyaligned_part2.zip,FEI-research-only,False,,publisher_manual,publisher_manually_aligned,dev
fei_0132_b,fei_0132,132,b,smile,processed/fei_aligned/132b.jpg,2363a32628559d9174b24ebfde8ea32f45e015827addb2cd1e648059e30116bd,frontalimages_manuallyaligned_part2.zip,https://fei.edu.br/~cet/frontalimages_manuallyaligned_part2.zip,FEI-research-only,False,,publisher_manual,publisher_manually_aligned,dev
fei_0133_a,fei_0133,133,a,neutral,processed/fei_aligned/133a.jpg,a207b7c43aa0b35b2af6ae579645065037e83a9c829eceef7abf11769dc4dc27,frontalimages_manuallyaligned_part2.zip,https://fei.edu.br/~cet/frontalimages_manuallyaligned_part2.zip,FEI-research-only,False,,publisher_manual,publisher_manually_aligned,dev
fei_0133_b,fei_0133,133,b,smile,processed/fei_aligned/133b.jpg,7f5492ac8dfa1ee5a27f5858ac11f1b72ffdb8ceb186a7ec59eebf134f997139,frontalimages_manuallyaligned_part2.zip,https://fei.edu.br/~cet/frontalimages_manuallyaligned_part2.zip,FEI-research-only,False,,publisher_manual,publisher_manually_aligned,dev
fei_0134_a,fei_0134,134,a,neutral,processed/fei_aligned/134a.jpg,6a9683c3eee6c53cb40901c7749d4b6d5bf9b267289f7e6a27a9db8e282564f6,frontalimages_manuallyaligned_part2.zip,https://fei.edu.br/~cet/frontalimages_manuallyaligned_part2.zip,FEI-research-only,False,,publisher_manual,publisher_manually_aligned,test
fei_0134_b,fei_0134,134,b,smile,processed/fei_aligned/134b.jpg,4e0f3f08ce2a990b1fcaa6f64859cb92f2d990a8935a99090789d42dac9b0d33,frontalimages_manuallyaligned_part2.zip,https://fei.edu.br/~cet/frontalimages_manuallyaligned_part2.zip,FEI-research-only,False,,publisher_manual,publisher_manually_aligned,test
fei_0135_a,fei_0135,135,a,neutral,processed/fei_aligned/135a.jpg,7b13b54b868d821405c6e7de661a00a9f2c493b023ba85e66eab23a5e328c0bf,frontalimages_manuallyaligned_part2.zip,https://fei.edu.br/~cet/frontalimages_manuallyaligned_part2.zip,FEI-research-only,False,,publisher_manual,publisher_manually_aligned,test
fei_0135_b,fei_0135,135,b,smile,processed/fei_aligned/135b.jpg,31596bf8152b004931c59e480cde422ca9c77fc399fe5591cebfee1b0b31dd43,frontalimages_manuallyaligned_part2.zip,https://fei.edu.br/~cet/frontalimages_manuallyaligned_part2.zip,FEI-research-only,False,,publisher_manual,publisher_manually_aligned,test
fei_0136_a,fei_0136,136,a,neutral,processed/fei_aligned/136a.jpg,914981c02905f014a607744873159baf5db4f24d1fe529dd9db56a59d131ad92,frontalimages_manuallyaligned_part2.zip,https://fei.edu.br/~cet/frontalimages_manuallyaligned_part2.zip,FEI-research-only,False,,publisher_manual,publisher_manually_aligned,dev
fei_0136_b,fei_0136,136,b,smile,processed/fei_aligned/136b.jpg,3c5568a49a32d9e32b7bcda65815476a9de5f324668242f3a541b0b1886abb94,frontalimages_manuallyaligned_part2.zip,https://fei.edu.br/~cet/frontalimages_manuallyaligned_part2.zip,FEI-research-only,False,,publisher_manual,publisher_manually_aligned,dev
fei_0137_a,fei_0137,137,a,neutral,processed/fei_aligned/137a.jpg,ad7b8e0ff1412049d626d255f78fa7e5ff297ced70dcbb23487e9da89f3dd14a,frontalimages_manuallyaligned_part2.zip,https://fei.edu.br/~cet/frontalimages_manuallyaligned_part2.zip,FEI-research-only,False,,publisher_manual,publisher_manually_aligned,dev
fei_0137_b,fei_0137,137,b,smile,processed/fei_aligned/137b.jpg,aac7e0a10bef0cb3db5c433a89940a21cc6efb7cf7c857194d8913d989d7257c,frontalimages_manuallyaligned_part2.zip,https://fei.edu.br/~cet/frontalimages_manuallyaligned_part2.zip,FEI-research-only,False,,publisher_manual,publisher_manually_aligned,dev
fei_0138_a,fei_0138,138,a,neutral,processed/fei_aligned/138a.jpg,df24cdbe61c485ff22753f2075097588c694f8bb7e52a6d801908e1d520168aa,frontalimages_manuallyaligned_part2.zip,https://fei.edu.br/~cet/frontalimages_manuallyaligned_part2.zip,FEI-research-only,False,,publisher_manual,publisher_manually_aligned,dev
fei_0138_b,fei_0138,138,b,smile,processed/fei_aligned/138b.jpg,51a108f984a97e2c56200477409de75689ee4a46b05be7668af56c6049e40aa7,frontalimages_manuallyaligned_part2.zip,https://fei.edu.br/~cet/frontalimages_manuallyaligned_part2.zip,FEI-research-only,False,,publisher_manual,publisher_manually_aligned,dev
fei_0139_a,fei_0139,139,a,neutral,processed/fei_aligned/139a.jpg,3629e56635ea22473bce40caf85426614748dbb0b9d4a15366df903ee0d5a2e3,frontalimages_manuallyaligned_part2.zip,https://fei.edu.br/~cet/frontalimages_manuallyaligned_part2.zip,FEI-research-only,False,,publisher_manual,publisher_manually_aligned,dev
fei_0139_b,fei_0139,139,b,smile,processed/fei_aligned/139b.jpg,1ae6ea5cb35d06b22141a6fce9d2de0f5f3843d483be38c2b3681f73d1e27f45,frontalimages_manuallyaligned_part2.zip,https://fei.edu.br/~cet/frontalimages_manuallyaligned_part2.zip,FEI-research-only,False,,publisher_manual,publisher_manually_aligned,dev
fei_0140_a,fei_0140,140,a,neutral,processed/fei_aligned/140a.jpg,84950a4b6d6bc89d8c406d6f3cec7ee59ddbc1e6d3d559b6ec83279de6b4f70a,frontalimages_manuallyaligned_part2.zip,https://fei.edu.br/~cet/frontalimages_manuallyaligned_part2.zip,FEI-research-only,False,,publisher_manual,publisher_manually_aligned,dev
fei_0140_b,fei_0140,140,b,smile,processed/fei_aligned/140b.jpg,47e37f17e399d9bc75763a406ee013522f1346b80010ae2bc771825b37b8ec88,frontalimages_manuallyaligned_part2.zip,https://fei.edu.br/~cet/frontalimages_manuallyaligned_part2.zip,FEI-research-only,False,,publisher_manual,publisher_manually_aligned,dev
fei_0141_a,fei_0141,141,a,neutral,processed/fei_aligned/141a.jpg,17812cf92f9bf1e32eadcbc5c2db051c0654bdef2f92b98393c5193862104493,frontalimages_manuallyaligned_part2.zip,https://fei.edu.br/~cet/frontalimages_manuallyaligned_part2.zip,FEI-research-only,False,,publisher_manual,publisher_manually_aligned,dev
fei_0141_b,fei_0141,141,b,smile,processed/fei_aligned/141b.jpg,3fedb2a658057f9f40c75e79f2bf4e2892e155a9cdb74105478ead45fca2f70c,frontalimages_manuallyaligned_part2.zip,https://fei.edu.br/~cet/frontalimages_manuallyaligned_part2.zip,FEI-research-only,False,,publisher_manual,publisher_manually_aligned,dev
fei_0142_a,fei_0142,142,a,neutral,processed/fei_aligned/142a.jpg,43841b6809eae934d17f02c567aa7df525bd74ec75a2924f3a16d5ad08ca96da,frontalimages_manuallyaligned_part2.zip,https://fei.edu.br/~cet/frontalimages_manuallyaligned_part2.zip,FEI-research-only,False,,publisher_manual,publisher_manually_aligned,dev
fei_0142_b,fei_0142,142,b,smile,processed/fei_aligned/142b.jpg,3a071aa2cb94c56c3e28143b5b890bbc210fd4c3fe52b8d9ed79a8d83c62cf6a,frontalimages_manuallyaligned_part2.zip,https://fei.edu.br/~cet/frontalimages_manuallyaligned_part2.zip,FEI-research-only,False,,publisher_manual,publisher_manually_aligned,dev
fei_0143_a,fei_0143,143,a,neutral,processed/fei_aligned/143a.jpg,69591f1e9e19bc2c889e4d74d858d7f8b9c8d4cc56b8732a5bfcd5c403876aef,frontalimages_manuallyaligned_part2.zip,https://fei.edu.br/~cet/frontalimages_manuallyaligned_part2.zip,FEI-research-only,False,,publisher_manual,publisher_manually_aligned,val
fei_0143_b,fei_0143,143,b,smile,processed/fei_aligned/143b.jpg,8ee3b643b5e1a7978d00bb5274e1cfb1a46020557bf701e0f96a9ca48197c74e,frontalimages_manuallyaligned_part2.zip,https://fei.edu.br/~cet/frontalimages_manuallyaligned_part2.zip,FEI-research-only,False,,publisher_manual,publisher_manually_aligned,val
fei_0144_a,fei_0144,144,a,neutral,processed/fei_aligned/144a.jpg,824fd33088c1905207c8ec067d3e06df6c16e221e8a23e179f77942f635d094e,frontalimages_manuallyaligned_part2.zip,https://fei.edu.br/~cet/frontalimages_manuallyaligned_part2.zip,FEI-research-only,False,,publisher_manual,publisher_manually_aligned,dev
fei_0144_b,fei_0144,144,b,smile,processed/fei_aligned/144b.jpg,5b217935c0a2a9133c9bdaae3ba672a3956badacd75f9c1340f8b654d63b7558,frontalimages_manuallyaligned_part2.zip,https://fei.edu.br/~cet/frontalimages_manuallyaligned_part2.zip,FEI-research-only,False,,publisher_manual,publisher_manually_aligned,dev
fei_0145_a,fei_0145,145,a,neutral,processed/fei_aligned/145a.jpg,c8837a1524f66bcbc2df5f00a463989b886ff0831569e80062686cbc81aac011,frontalimages_manuallyaligned_part2.zip,https://fei.edu.br/~cet/frontalimages_manuallyaligned_part2.zip,FEI-research-only,False,,publisher_manual,publisher_manually_aligned,dev
fei_0145_b,fei_0145,145,b,smile,processed/fei_aligned/145b.jpg,c87cfd31943bfa974558a33a6944c059bf4c5feea3425a8cdb3621ae369a6921,frontalimages_manuallyaligned_part2.zip,https://fei.edu.br/~cet/frontalimages_manuallyaligned_part2.zip,FEI-research-only,False,,publisher_manual,publisher_manually_aligned,dev
fei_0146_a,fei_0146,146,a,neutral,processed/fei_aligned/146a.jpg,d092ea5cbe243772297deb20de60a3dcce9b8b1a36fa2c8fac42fa44d5054cb2,frontalimages_manuallyaligned_part2.zip,https://fei.edu.br/~cet/frontalimages_manuallyaligned_part2.zip,FEI-research-only,False,,publisher_manual,publisher_manually_aligned,dev
fei_0146_b,fei_0146,146,b,smile,processed/fei_aligned/146b.jpg,d904479354552a1e69fefe8c51c27af84e661e066dfa1d5b86a36db470d01476,frontalimages_manuallyaligned_part2.zip,https://fei.edu.br/~cet/frontalimages_manuallyaligned_part2.zip,FEI-research-only,False,,publisher_manual,publisher_manually_aligned,dev
fei_0147_a,fei_0147,147,a,neutral,processed/fei_aligned/147a.jpg,2a0aceb7d15d430838742d6fea683ec6af1dc2a8d5521a93c4436f8c69b36017,frontalimages_manuallyaligned_part2.zip,https://fei.edu.br/~cet/frontalimages_manuallyaligned_part2.zip,FEI-research-only,False,,publisher_manual,publisher_manually_aligned,dev
fei_0147_b,fei_0147,147,b,smile,processed/fei_aligned/147b.jpg,267b3bf7f012438c69f1e4f7bfa2ad9b9376196d4d52be6430546407134cb57d,frontalimages_manuallyaligned_part2.zip,https://fei.edu.br/~cet/frontalimages_manuallyaligned_part2.zip,FEI-research-only,False,,publisher_manual,publisher_manually_aligned,dev
fei_0148_a,fei_0148,148,a,neutral,processed/fei_aligned/148a.jpg,95b1ff1efb9e6d3d8174f1c4ad2a3f485937bc59962504f094e8d07a6b44647d,frontalimages_manuallyaligned_part2.zip,https://fei.edu.br/~cet/frontalimages_manuallyaligned_part2.zip,FEI-research-only,False,,publisher_manual,publisher_manually_aligned,val
fei_0148_b,fei_0148,148,b,smile,processed/fei_aligned/148b.jpg,a0337e1f8fdc61acd8625ba65e15c49c312c77c7c9672b113d72fdbac0c9f641,frontalimages_manuallyaligned_part2.zip,https://fei.edu.br/~cet/frontalimages_manuallyaligned_part2.zip,FEI-research-only,False,,publisher_manual,publisher_manually_aligned,val
fei_0149_a,fei_0149,149,a,neutral,processed/fei_aligned/149a.jpg,a740cf04344a6a589101a566df89db174f5045415a0e523f0a1fd07c547fb6e8,frontalimages_manuallyaligned_part2.zip,https://fei.edu.br/~cet/frontalimages_manuallyaligned_part2.zip,FEI-research-only,False,,publisher_manual,publisher_manually_aligned,dev
fei_0149_b,fei_0149,149,b,smile,processed/fei_aligned/149b.jpg,2e1124914e833ebfe1f38a5073feecc131fbe135aad740b6dd115d53d2a7a7d7,frontalimages_manuallyaligned_part2.zip,https://fei.edu.br/~cet/frontalimages_manuallyaligned_part2.zip,FEI-research-only,False,,publisher_manual,publisher_manually_aligned,dev
fei_0150_a,fei_0150,150,a,neutral,processed/fei_aligned/150a.jpg,3fb9eb467e0ad4b67742d1ccecf09ba476117e04dad09933007cbff6bbd5ec31,frontalimages_manuallyaligned_part2.zip,https://fei.edu.br/~cet/frontalimages_manuallyaligned_part2.zip,FEI-research-only,False,,publisher_manual,publisher_manually_aligned,dev
fei_0150_b,fei_0150,150,b,smile,processed/fei_aligned/150b.jpg,46560ad44a3f0e7865f30fa1a4716cc0e5188f3a86d7d6e527550f2dc331b170,frontalimages_manuallyaligned_part2.zip,https://fei.edu.br/~cet/frontalimages_manuallyaligned_part2.zip,FEI-research-only,False,,publisher_manual,publisher_manually_aligned,dev
fei_0151_a,fei_0151,151,a,neutral,processed/fei_aligned/151a.jpg,a53923a205750495ee1111c168e3f0605ca7bccdc3b446054c7b58e7408ddf65,frontalimages_manuallyaligned_part2.zip,https://fei.edu.br/~cet/frontalimages_manuallyaligned_part2.zip,FEI-research-only,False,,publisher_manual,publisher_manually_aligned,dev
fei_0151_b,fei_0151,151,b,smile,processed/fei_aligned/151b.jpg,00da17094e2a3439807882c5ef50c5ac2e17c379c733294382ced1290f8995f8,frontalimages_manuallyaligned_part2.zip,https://fei.edu.br/~cet/frontalimages_manuallyaligned_part2.zip,FEI-research-only,False,,publisher_manual,publisher_manually_aligned,dev
fei_0152_a,fei_0152,152,a,neutral,processed/fei_aligned/152a.jpg,30b8d45294a32f6b041f2b0b805a3cb19b5de5f7e4bf9c23a357639e8ef4f4be,frontalimages_manuallyaligned_part2.zip,https://fei.edu.br/~cet/frontalimages_manuallyaligned_part2.zip,FEI-research-only,False,,publisher_manual,publisher_manually_aligned,test
fei_0152_b,fei_0152,152,b,smile,processed/fei_aligned/152b.jpg,dff2168b43e8342b350313cb8aa7a7498d35f7afbd3160ccd0c5b8e2f6c7b60c,frontalimages_manuallyaligned_part2.zip,https://fei.edu.br/~cet/frontalimages_manuallyaligned_part2.zip,FEI-research-only,False,,publisher_manual,publisher_manually_aligned,test
fei_0153_a,fei_0153,153,a,neutral,processed/fei_aligned/153a.jpg,59f457a2c017effcf3b2f0a209a3c0bd7ec99aa76a6ba05016415e50261bc049,frontalimages_manuallyaligned_part2.zip,https://fei.edu.br/~cet/frontalimages_manuallyaligned_part2.zip,FEI-research-only,False,,publisher_manual,publisher_manually_aligned,dev
fei_0153_b,fei_0153,153,b,smile,processed/fei_aligned/153b.jpg,7e93bf401fee48f02818edf565fe25f5f59a9e53c02f6cf2b0714db0702d5399,frontalimages_manuallyaligned_part2.zip,https://fei.edu.br/~cet/frontalimages_manuallyaligned_part2.zip,FEI-research-only,False,,publisher_manual,publisher_manually_aligned,dev
fei_0154_a,fei_0154,154,a,neutral,processed/fei_aligned/154a.jpg,f5a35ffa7d2fa02b0fbdebbe7c2ec0d5c58c4961dc9c4436ba31f80b3c2a3467,frontalimages_manuallyaligned_part2.zip,https://fei.edu.br/~cet/frontalimages_manuallyaligned_part2.zip,FEI-research-only,False,,publisher_manual,publisher_manually_aligned,test
fei_0154_b,fei_0154,154,b,smile,processed/fei_aligned/154b.jpg,a91cc7ba045c2a8192d2cc18e9a12cd4770ae5f53e9b82a57cd2cc07af7c995d,frontalimages_manuallyaligned_part2.zip,https://fei.edu.br/~cet/frontalimages_manuallyaligned_part2.zip,FEI-research-only,False,,publisher_manual,publisher_manually_aligned,test
fei_0155_a,fei_0155,155,a,neutral,processed/fei_aligned/155a.jpg,c587698aa5eeed515e326f30169bdffa602b242a3182ebe766fcc899ff19a92e,frontalimages_manuallyaligned_part2.zip,https://fei.edu.br/~cet/frontalimages_manuallyaligned_part2.zip,FEI-research-only,False,,publisher_manual,publisher_manually_aligned,dev
fei_0155_b,fei_0155,155,b,smile,processed/fei_aligned/155b.jpg,8f7b6dc38c57a58f9814a93a9c365e68dd56e5b171ad83a3c26e59bccaee77bc,frontalimages_manuallyaligned_part2.zip,https://fei.edu.br/~cet/frontalimages_manuallyaligned_part2.zip,FEI-research-only,False,,publisher_manual,publisher_manually_aligned,dev
fei_0156_a,fei_0156,156,a,neutral,processed/fei_aligned/156a.jpg,df9eae72465df2621a2a7c0b145e50b278b8f6ba717aa0f5686ccdc3f9759be8,frontalimages_manuallyaligned_part2.zip,https://fei.edu.br/~cet/frontalimages_manuallyaligned_part2.zip,FEI-research-only,False,,publisher_manual,publisher_manually_aligned,dev
fei_0156_b,fei_0156,156,b,smile,processed/fei_aligned/156b.jpg,e130cc108ba33cfefd7f885175a298c10a2f31ac67ff80f56b1fc740a8d9a78f,frontalimages_manuallyaligned_part2.zip,https://fei.edu.br/~cet/frontalimages_manuallyaligned_part2.zip,FEI-research-only,False,,publisher_manual,publisher_manually_aligned,dev
fei_0157_a,fei_0157,157,a,neutral,processed/fei_aligned/157a.jpg,fa7b9b7b943017b6625a9e222ae87c3e5ee8621751d5c94f5ee41fdb2684de46,frontalimages_manuallyaligned_part2.zip,https://fei.edu.br/~cet/frontalimages_manuallyaligned_part2.zip,FEI-research-only,False,,publisher_manual,publisher_manually_aligned,dev
fei_0157_b,fei_0157,157,b,smile,processed/fei_aligned/157b.jpg,0c451fb3903deadc77319025681eaa265c441d2da1a429c14360c19368b22676,frontalimages_manuallyaligned_part2.zip,https://fei.edu.br/~cet/frontalimages_manuallyaligned_part2.zip,FEI-research-only,False,,publisher_manual,publisher_manually_aligned,dev
fei_0158_a,fei_0158,158,a,neutral,processed/fei_aligned/158a.jpg,41ad6884e81d31c6b0b7e67e73633826556f536fb5abcdb907e9ef6f56cc998c,frontalimages_manuallyaligned_part2.zip,https://fei.edu.br/~cet/frontalimages_manuallyaligned_part2.zip,FEI-research-only,False,,publisher_manual,publisher_manually_aligned,dev
fei_0158_b,fei_0158,158,b,smile,processed/fei_aligned/158b.jpg,69a7e130a2537dc800d5be64711432c1c82a2fa5bbb7a944a667431900d11f4c,frontalimages_manuallyaligned_part2.zip,https://fei.edu.br/~cet/frontalimages_manuallyaligned_part2.zip,FEI-research-only,False,,publisher_manual,publisher_manually_aligned,dev
fei_0159_a,fei_0159,159,a,neutral,processed/fei_aligned/159a.jpg,f1c622d6df9aa93b52e441a6e4e36b47e97b20da00afd55a3f29ca041afd0f61,frontalimages_manuallyaligned_part2.zip,https://fei.edu.br/~cet/frontalimages_manuallyaligned_part2.zip,FEI-research-only,False,,publisher_manual,publisher_manually_aligned,dev
fei_0159_b,fei_0159,159,b,smile,processed/fei_aligned/159b.jpg,d0187be700bc28b24397a8293fce6059b9eab394fc1bdd3e0e2a49961581b706,frontalimages_manuallyaligned_part2.zip,https://fei.edu.br/~cet/frontalimages_manuallyaligned_part2.zip,FEI-research-only,False,,publisher_manual,publisher_manually_aligned,dev
fei_0160_a,fei_0160,160,a,neutral,processed/fei_aligned/160a.jpg,8d0e2ac09aa8de2c922601e97f0e01ad9614397eb7a0616f2cc9e0caeac7a18c,frontalimages_manuallyaligned_part2.zip,https://fei.edu.br/~cet/frontalimages_manuallyaligned_part2.zip,FEI-research-only,False,,publisher_manual,publisher_manually_aligned,test
fei_0160_b,fei_0160,160,b,smile,processed/fei_aligned/160b.jpg,adc97aeb13fa6e9e97194459c9a0d6de9c84ff0e64680ba911472eefafd6838b,frontalimages_manuallyaligned_part2.zip,https://fei.edu.br/~cet/frontalimages_manuallyaligned_part2.zip,FEI-research-only,False,,publisher_manual,publisher_manually_aligned,test
fei_0161_a,fei_0161,161,a,neutral,processed/fei_aligned/161a.jpg,44e929526460f9b41eb1e626b62bbc93a50756646dff82f210e476a61aeab2da,frontalimages_manuallyaligned_part2.zip,https://fei.edu.br/~cet/frontalimages_manuallyaligned_part2.zip,FEI-research-only,False,,publisher_manual,publisher_manually_aligned,test
fei_0161_b,fei_0161,161,b,smile,processed/fei_aligned/161b.jpg,65e69cb922db8ec01125ad29d006d2e44173bfa713f48be42fd1886b3b114372,frontalimages_manuallyaligned_part2.zip,https://fei.edu.br/~cet/frontalimages_manuallyaligned_part2.zip,FEI-research-only,False,,publisher_manual,publisher_manually_aligned,test
fei_0162_a,fei_0162,162,a,neutral,processed/fei_aligned/162a.jpg,305133ca4b8bbfb28f9df9159381ee0bb7ff6fc3c785ec46a86f31ea8f05a2c5,frontalimages_manuallyaligned_part2.zip,https://fei.edu.br/~cet/frontalimages_manuallyaligned_part2.zip,FEI-research-only,False,,publisher_manual,publisher_manually_aligned,val
fei_0162_b,fei_0162,162,b,smile,processed/fei_aligned/162b.jpg,8e7eedfd930b73af7653c31c1bf5992d302f43f8deb66f6295be1be8483aaf0f,frontalimages_manuallyaligned_part2.zip,https://fei.edu.br/~cet/frontalimages_manuallyaligned_part2.zip,FEI-research-only,False,,publisher_manual,publisher_manually_aligned,val
fei_0163_a,fei_0163,163,a,neutral,processed/fei_aligned/163a.jpg,ff89873994e706b027a699c96d3e03bb10905abc6a44988a9f07b5cb027edace,frontalimages_manuallyaligned_part2.zip,https://fei.edu.br/~cet/frontalimages_manuallyaligned_part2.zip,FEI-research-only,False,,publisher_manual,publisher_manually_aligned,dev
fei_0163_b,fei_0163,163,b,smile,processed/fei_aligned/163b.jpg,6c81b90ef9cd6b91883482ca6cd7cd3d524163305c24f1be1cabc293aa8bb4a6,frontalimages_manuallyaligned_part2.zip,https://fei.edu.br/~cet/frontalimages_manuallyaligned_part2.zip,FEI-research-only,False,,publisher_manual,publisher_manually_aligned,dev
fei_0164_a,fei_0164,164,a,neutral,processed/fei_aligned/164a.jpg,676353eff39dab8908e1c0a4a4c320d422ed75435ca79ab2a2589db8e0b02cf5,frontalimages_manuallyaligned_part2.zip,https://fei.edu.br/~cet/frontalimages_manuallyaligned_part2.zip,FEI-research-only,False,,publisher_manual,publisher_manually_aligned,dev
fei_0164_b,fei_0164,164,b,smile,processed/fei_aligned/164b.jpg,a1d969e60da6d08e1e0b1f3342b23e208ddbdac1ae36c5eda9e2127f94daf961,frontalimages_manuallyaligned_part2.zip,https://fei.edu.br/~cet/frontalimages_manuallyaligned_part2.zip,FEI-research-only,False,,publisher_manual,publisher_manually_aligned,dev
fei_0165_a,fei_0165,165,a,neutral,processed/fei_aligned/165a.jpg,d877614a756f872e9edce72ad69d711a082b6360775c05797c1ff9fb8df2f170,frontalimages_manuallyaligned_part2.zip,https://fei.edu.br/~cet/frontalimages_manuallyaligned_part2.zip,FEI-research-only,False,,publisher_manual,publisher_manually_aligned,test
fei_0165_b,fei_0165,165,b,smile,processed/fei_aligned/165b.jpg,af57698d2e95a88c7959374ede51db8463d07cd63113b2778c5a10d135e4f5dc,frontalimages_manuallyaligned_part2.zip,https://fei.edu.br/~cet/frontalimages_manuallyaligned_part2.zip,FEI-research-only,False,,publisher_manual,publisher_manually_aligned,test
fei_0166_a,fei_0166,166,a,neutral,processed/fei_aligned/166a.jpg,7dae271bd30425ce4c47e41b0639078fbbf0d387acce34720f130449096f6af1,frontalimages_manuallyaligned_part2.zip,https://fei.edu.br/~cet/frontalimages_manuallyaligned_part2.zip,FEI-research-only,False,,publisher_manual,publisher_manually_aligned,test
fei_0166_b,fei_0166,166,b,smile,processed/fei_aligned/166b.jpg,348a6952f80b67fc6755ce41621cb9e617f4b25e8f3de878b61342b91d171dc7,frontalimages_manuallyaligned_part2.zip,https://fei.edu.br/~cet/frontalimages_manuallyaligned_part2.zip,FEI-research-only,False,,publisher_manual,publisher_manually_aligned,test
fei_0167_a,fei_0167,167,a,neutral,processed/fei_aligned/167a.jpg,9e4b5f90e884b0974f36e4fcaac25da212b3ceca215d6be8ef1d273459832d64,frontalimages_manuallyaligned_part2.zip,https://fei.edu.br/~cet/frontalimages_manuallyaligned_part2.zip,FEI-research-only,False,,publisher_manual,publisher_manually_aligned,dev
fei_0167_b,fei_0167,167,b,smile,processed/fei_aligned/167b.jpg,a98d9fa61b8d44fd61f2e85467567ba5f0ebe1c25ada170df79e5cb127773fd6,frontalimages_manuallyaligned_part2.zip,https://fei.edu.br/~cet/frontalimages_manuallyaligned_part2.zip,FEI-research-only,False,,publisher_manual,publisher_manually_aligned,dev
fei_0168_a,fei_0168,168,a,neutral,processed/fei_aligned/168a.jpg,5035b664f63172e61c602dd315f592d67fcfa325fa4819686a1c7a7aa902702c,frontalimages_manuallyaligned_part2.zip,https://fei.edu.br/~cet/frontalimages_manuallyaligned_part2.zip,FEI-research-only,False,,publisher_manual,publisher_manually_aligned,dev
fei_0168_b,fei_0168,168,b,smile,processed/fei_aligned/168b.jpg,e9b13e502aa823089f0bf9a74301f661bea78922034421337654e31d5d9dbb36,frontalimages_manuallyaligned_part2.zip,https://fei.edu.br/~cet/frontalimages_manuallyaligned_part2.zip,FEI-research-only,False,,publisher_manual,publisher_manually_aligned,dev
fei_0169_a,fei_0169,169,a,neutral,processed/fei_aligned/169a.jpg,44c4f3072f8ac4645209fbdf68e571da4db67edce59dbf32e9efae816b1a4869,frontalimages_manuallyaligned_part2.zip,https://fei.edu.br/~cet/frontalimages_manuallyaligned_part2.zip,FEI-research-only,False,,publisher_manual,publisher_manually_aligned,val
fei_0169_b,fei_0169,169,b,smile,processed/fei_aligned/169b.jpg,2207d1d9c8eea8111da374acb27520b6f9d5f250cce1c14efe582c946c9c351e,frontalimages_manuallyaligned_part2.zip,https://fei.edu.br/~cet/frontalimages_manuallyaligned_part2.zip,FEI-research-only,False,,publisher_manual,publisher_manually_aligned,val
fei_0170_a,fei_0170,170,a,neutral,processed/fei_aligned/170a.jpg,4c96f095970accdca88d3500d0a425e651631cb139722101b80eb8fea4d57fab,frontalimages_manuallyaligned_part2.zip,https://fei.edu.br/~cet/frontalimages_manuallyaligned_part2.zip,FEI-research-only,False,,publisher_manual,publisher_manually_aligned,dev
fei_0170_b,fei_0170,170,b,smile,processed/fei_aligned/170b.jpg,1549c3952883522e5ba87c9dbf3f1b66729e011e25730284fd2301cd9f734386,frontalimages_manuallyaligned_part2.zip,https://fei.edu.br/~cet/frontalimages_manuallyaligned_part2.zip,FEI-research-only,False,,publisher_manual,publisher_manually_aligned,dev
fei_0171_a,fei_0171,171,a,neutral,processed/fei_aligned/171a.jpg,61282071fab2d6c79bfee89419b92ee6e28c7ab00961647b4a859221c6a75bb8,frontalimages_manuallyaligned_part2.zip,https://fei.edu.br/~cet/frontalimages_manuallyaligned_part2.zip,FEI-research-only,False,,publisher_manual,publisher_manually_aligned,test
fei_0171_b,fei_0171,171,b,smile,processed/fei_aligned/171b.jpg,cb9a0f33db752bdbc61e6629d927f320af8b06035cf95a49ada51ed2b774ade7,frontalimages_manuallyaligned_part2.zip,https://fei.edu.br/~cet/frontalimages_manuallyaligned_part2.zip,FEI-research-only,False,,publisher_manual,publisher_manually_aligned,test
fei_0172_a,fei_0172,172,a,neutral,processed/fei_aligned/172a.jpg,447b2625cb50607195ba0f214acd5254a4ead2a150eb1b4c7b240e1c9f6c1191,frontalimages_manuallyaligned_part2.zip,https://fei.edu.br/~cet/frontalimages_manuallyaligned_part2.zip,FEI-research-only,False,,publisher_manual,publisher_manually_aligned,test
fei_0172_b,fei_0172,172,b,smile,processed/fei_aligned/172b.jpg,7ca755d97379ecceabeb2eaf24f12473b026e8e055ef5b612ff93cc79aaab0ad,frontalimages_manuallyaligned_part2.zip,https://fei.edu.br/~cet/frontalimages_manuallyaligned_part2.zip,FEI-research-only,False,,publisher_manual,publisher_manually_aligned,test
fei_0173_a,fei_0173,173,a,neutral,processed/fei_aligned/173a.jpg,ca3ce4a0c18e3fd22ad526ee6d67f6df1f71b5b991acd77ef6d306d7c7326ef9,frontalimages_manuallyaligned_part2.zip,https://fei.edu.br/~cet/frontalimages_manuallyaligned_part2.zip,FEI-research-only,False,,publisher_manual,publisher_manually_aligned,dev
fei_0173_b,fei_0173,173,b,smile,processed/fei_aligned/173b.jpg,582998da758e87ef0a38966c510423164118e8346aabea0b4a283934807191db,frontalimages_manuallyaligned_part2.zip,https://fei.edu.br/~cet/frontalimages_manuallyaligned_part2.zip,FEI-research-only,False,,publisher_manual,publisher_manually_aligned,dev
fei_0174_a,fei_0174,174,a,neutral,processed/fei_aligned/174a.jpg,c053301dc8ae2a04313ec5049f9b349726878b4c79de601ea19fa53e597152d2,frontalimages_manuallyaligned_part2.zip,https://fei.edu.br/~cet/frontalimages_manuallyaligned_part2.zip,FEI-research-only,False,,publisher_manual,publisher_manually_aligned,dev
fei_0174_b,fei_0174,174,b,smile,processed/fei_aligned/174b.jpg,a4a060a567706bb75615005c74e5798248e752deb1cc5a6f4e2ca613f601cc6b,frontalimages_manuallyaligned_part2.zip,https://fei.edu.br/~cet/frontalimages_manuallyaligned_part2.zip,FEI-research-only,False,,publisher_manual,publisher_manually_aligned,dev
fei_0175_a,fei_0175,175,a,neutral,processed/fei_aligned/175a.jpg,3cf091a851660d6b792de04213bddad77eabaf15b32f4e89fe5d7b6a42c6de7f,frontalimages_manuallyaligned_part2.zip,https://fei.edu.br/~cet/frontalimages_manuallyaligned_part2.zip,FEI-research-only,False,,publisher_manual,publisher_manually_aligned,dev
fei_0175_b,fei_0175,175,b,smile,processed/fei_aligned/175b.jpg,ac9b98ef8cde812147b736c752a1cbd5d001befaa8ab97696f222022e86ad7c6,frontalimages_manuallyaligned_part2.zip,https://fei.edu.br/~cet/frontalimages_manuallyaligned_part2.zip,FEI-research-only,False,,publisher_manual,publisher_manually_aligned,dev
fei_0176_a,fei_0176,176,a,neutral,processed/fei_aligned/176a.jpg,cccd1d50d137ee7ab3e0f5030ac10f5b06b4f3bdd88e1d2b2d74b581e146f4ee,frontalimages_manuallyaligned_part2.zip,https://fei.edu.br/~cet/frontalimages_manuallyaligned_part2.zip,FEI-research-only,False,,publisher_manual,publisher_manually_aligned,dev
fei_0176_b,fei_0176,176,b,smile,processed/fei_aligned/176b.jpg,8369ed9353a10bf791d0c871a7ea36c49c27831d474acf2c976476a690d4b4b2,frontalimages_manuallyaligned_part2.zip,https://fei.edu.br/~cet/frontalimages_manuallyaligned_part2.zip,FEI-research-only,False,,publisher_manual,publisher_manually_aligned,dev
fei_0177_a,fei_0177,177,a,neutral,processed/fei_aligned/177a.jpg,b8f49aa851a82964b0ed8f269fea99eac62185cb5974aae734edaa41c8db5e32,frontalimages_manuallyaligned_part2.zip,https://fei.edu.br/~cet/frontalimages_manuallyaligned_part2.zip,FEI-research-only,False,,publisher_manual,publisher_manually_aligned,test
fei_0177_b,fei_0177,177,b,smile,processed/fei_aligned/177b.jpg,dddf5cf2f3ee64149cdad58002f0fe0ad031ae84da4e92970e4da54b2c5f1612,frontalimages_manuallyaligned_part2.zip,https://fei.edu.br/~cet/frontalimages_manuallyaligned_part2.zip,FEI-research-only,False,,publisher_manual,publisher_manually_aligned,test
fei_0178_a,fei_0178,178,a,neutral,processed/fei_aligned/178a.jpg,b214e8668b2bbf81c2ad5531d1d904ec8f27032f5c19c29992393146afd64fae,frontalimages_manuallyaligned_part2.zip,https://fei.edu.br/~cet/frontalimages_manuallyaligned_part2.zip,FEI-research-only,False,,publisher_manual,publisher_manually_aligned,dev
fei_0178_b,fei_0178,178,b,smile,processed/fei_aligned/178b.jpg,a35acfb0c8fd2533446520e483c9930c396482fda69228e7f883de35e7b0858b,frontalimages_manuallyaligned_part2.zip,https://fei.edu.br/~cet/frontalimages_manuallyaligned_part2.zip,FEI-research-only,False,,publisher_manual,publisher_manually_aligned,dev
fei_0179_a,fei_0179,179,a,neutral,processed/fei_aligned/179a.jpg,19a49988ed4ff7dd591c63cbf5d9d235d29e82b88c945fddd1764ee91a10d640,frontalimages_manuallyaligned_part2.zip,https://fei.edu.br/~cet/frontalimages_manuallyaligned_part2.zip,FEI-research-only,False,,publisher_manual,publisher_manually_aligned,dev
fei_0179_b,fei_0179,179,b,smile,processed/fei_aligned/179b.jpg,cafb66c6506c560d2bc273daa2335ef21f4292428c9a429df37f25c2a45fa34e,frontalimages_manuallyaligned_part2.zip,https://fei.edu.br/~cet/frontalimages_manuallyaligned_part2.zip,FEI-research-only,False,,publisher_manual,publisher_manually_aligned,dev
fei_0180_a,fei_0180,180,a,neutral,processed/fei_aligned/180a.jpg,692d948b18964bb0fe9cad5c26158f3b428d8c809f08a16430950430ac86cc52,frontalimages_manuallyaligned_part2.zip,https://fei.edu.br/~cet/frontalimages_manuallyaligned_part2.zip,FEI-research-only,False,,publisher_manual,publisher_manually_aligned,dev
fei_0180_b,fei_0180,180,b,smile,processed/fei_aligned/180b.jpg,14078fd10cd36ccd9deddaf81996aa709af43fed3c14c7062b393aa4e3fba131,frontalimages_manuallyaligned_part2.zip,https://fei.edu.br/~cet/frontalimages_manuallyaligned_part2.zip,FEI-research-only,False,,publisher_manual,publisher_manually_aligned,dev
fei_0181_a,fei_0181,181,a,neutral,processed/fei_aligned/181a.jpg,a8409a195d803df0c1c876b83a9b69c7efea1f8f07db03e1d5f96ecb104ecda7,frontalimages_manuallyaligned_part2.zip,https://fei.edu.br/~cet/frontalimages_manuallyaligned_part2.zip,FEI-research-only,False,,publisher_manual,publisher_manually_aligned,dev
fei_0181_b,fei_0181,181,b,smile,processed/fei_aligned/181b.jpg,cd3168f6baa889dfc5cf48ebc18f8ccc38dcb00aea66033251d8641e58561a66,frontalimages_manuallyaligned_part2.zip,https://fei.edu.br/~cet/frontalimages_manuallyaligned_part2.zip,FEI-research-only,False,,publisher_manual,publisher_manually_aligned,dev
fei_0182_a,fei_0182,182,a,neutral,processed/fei_aligned/182a.jpg,5f34f1019fb875c79004400bfaf3182627722f6c36f6c5379f35eb7ae94dbc68,frontalimages_manuallyaligned_part2.zip,https://fei.edu.br/~cet/frontalimages_manuallyaligned_part2.zip,FEI-research-only,False,,publisher_manual,publisher_manually_aligned,dev
fei_0182_b,fei_0182,182,b,smile,processed/fei_aligned/182b.jpg,b4c16c425298a2505efbdef0c233e4e8e7aa887f06d573b2ab5c7428067eae69,frontalimages_manuallyaligned_part2.zip,https://fei.edu.br/~cet/frontalimages_manuallyaligned_part2.zip,FEI-research-only,False,,publisher_manual,publisher_manually_aligned,dev
fei_0183_a,fei_0183,183,a,neutral,processed/fei_aligned/183a.jpg,246415f22d50a1d8f5d0a1e86f9be26a25599b99d5cebfef899aec1b1940a002,frontalimages_manuallyaligned_part2.zip,https://fei.edu.br/~cet/frontalimages_manuallyaligned_part2.zip,FEI-research-only,False,,publisher_manual,publisher_manually_aligned,dev
fei_0183_b,fei_0183,183,b,smile,processed/fei_aligned/183b.jpg,db87f34e091bb203369d53ce0419991d7f7298044b44376aa28e040e0a921003,frontalimages_manuallyaligned_part2.zip,https://fei.edu.br/~cet/frontalimages_manuallyaligned_part2.zip,FEI-research-only,False,,publisher_manual,publisher_manually_aligned,dev
fei_0184_a,fei_0184,184,a,neutral,processed/fei_aligned/184a.jpg,8ee5bfb4b285e98e2e9d06be78c14aca7e26726eb03d56fcef8c9ef7340f8b0e,frontalimages_manuallyaligned_part2.zip,https://fei.edu.br/~cet/frontalimages_manuallyaligned_part2.zip,FEI-research-only,False,,publisher_manual,publisher_manually_aligned,val
fei_0184_b,fei_0184,184,b,smile,processed/fei_aligned/184b.jpg,5d34c3c7e28ad91865e1af5d31154e23c82108ed8af59dfd074539221c9c154f,frontalimages_manuallyaligned_part2.zip,https://fei.edu.br/~cet/frontalimages_manuallyaligned_part2.zip,FEI-research-only,False,,publisher_manual,publisher_manually_aligned,val
fei_0185_a,fei_0185,185,a,neutral,processed/fei_aligned/185a.jpg,7b0eb149651db4884801724c6e49a13f9000fd58563de3ba596352f5f2deabf9,frontalimages_manuallyaligned_part2.zip,https://fei.edu.br/~cet/frontalimages_manuallyaligned_part2.zip,FEI-research-only,False,,publisher_manual,publisher_manually_aligned,dev
fei_0185_b,fei_0185,185,b,smile,processed/fei_aligned/185b.jpg,c34d0d263f747b8edb171c63d21626cee08f7c8669ee173af7d1c1999765c4ec,frontalimages_manuallyaligned_part2.zip,https://fei.edu.br/~cet/frontalimages_manuallyaligned_part2.zip,FEI-research-only,False,,publisher_manual,publisher_manually_aligned,dev
fei_0186_a,fei_0186,186,a,neutral,processed/fei_aligned/186a.jpg,a2a923e55b1e43002e9aadd0c0876195b493ba662e533797824fc0b911efa5e1,frontalimages_manuallyaligned_part2.zip,https://fei.edu.br/~cet/frontalimages_manuallyaligned_part2.zip,FEI-research-only,False,,publisher_manual,publisher_manually_aligned,dev
fei_0186_b,fei_0186,186,b,smile,processed/fei_aligned/186b.jpg,9c9fb63a31e17ea4423790a5270c15ba3bb3b7aaf9a9ea5f4a8d66151f3764b1,frontalimages_manuallyaligned_part2.zip,https://fei.edu.br/~cet/frontalimages_manuallyaligned_part2.zip,FEI-research-only,False,,publisher_manual,publisher_manually_aligned,dev
fei_0187_a,fei_0187,187,a,neutral,processed/fei_aligned/187a.jpg,7ca8ec018ac6e2803e883f6323b6fabc03847731bf31a4a6d57a5330053e96b2,frontalimages_manuallyaligned_part2.zip,https://fei.edu.br/~cet/frontalimages_manuallyaligned_part2.zip,FEI-research-only,False,,publisher_manual,publisher_manually_aligned,val
fei_0187_b,fei_0187,187,b,smile,processed/fei_aligned/187b.jpg,8d52f23cc2558e966e8998896a4ab58bb5bd277143c650fe31e414a63c4f8221,frontalimages_manuallyaligned_part2.zip,https://fei.edu.br/~cet/frontalimages_manuallyaligned_part2.zip,FEI-research-only,False,,publisher_manual,publisher_manually_aligned,val
fei_0188_a,fei_0188,188,a,neutral,processed/fei_aligned/188a.jpg,0ac640820a49fb8b81e601b1499d1efcc5ed82520077909158e4249358889585,frontalimages_manuallyaligned_part2.zip,https://fei.edu.br/~cet/frontalimages_manuallyaligned_part2.zip,FEI-research-only,False,,publisher_manual,publisher_manually_aligned,dev
fei_0188_b,fei_0188,188,b,smile,processed/fei_aligned/188b.jpg,e17167f42bcbff3284f482a6f325ddf4a9711e4ddf41f3b87721af446e9ca022,frontalimages_manuallyaligned_part2.zip,https://fei.edu.br/~cet/frontalimages_manuallyaligned_part2.zip,FEI-research-only,False,,publisher_manual,publisher_manually_aligned,dev
fei_0189_a,fei_0189,189,a,neutral,processed/fei_aligned/189a.jpg,b2c5222d757171c9eedd251e21c10e250fd2555c1f70d6019efff8be9af150b0,frontalimages_manuallyaligned_part2.zip,https://fei.edu.br/~cet/frontalimages_manuallyaligned_part2.zip,FEI-research-only,False,,publisher_manual,publisher_manually_aligned,dev
fei_0189_b,fei_0189,189,b,smile,processed/fei_aligned/189b.jpg,bc6d51f34d1ef27e907c6bb342141d5a4bc11066ae21d463784161b5aeb962d7,frontalimages_manuallyaligned_part2.zip,https://fei.edu.br/~cet/frontalimages_manuallyaligned_part2.zip,FEI-research-only,False,,publisher_manual,publisher_manually_aligned,dev
fei_0190_a,fei_0190,190,a,neutral,processed/fei_aligned/190a.jpg,57f2f7a97187562cae0580028413fb3e71d0fd4826bdbcbfb683370b4c28c429,frontalimages_manuallyaligned_part2.zip,https://fei.edu.br/~cet/frontalimages_manuallyaligned_part2.zip,FEI-research-only,False,,publisher_manual,publisher_manually_aligned,val
fei_0190_b,fei_0190,190,b,smile,processed/fei_aligned/190b.jpg,31f4ea526fdea8510d43424f6a240df5cc0cda3d85b9978467574bac5c8cf2be,frontalimages_manuallyaligned_part2.zip,https://fei.edu.br/~cet/frontalimages_manuallyaligned_part2.zip,FEI-research-only,False,,publisher_manual,publisher_manually_aligned,val
fei_0191_a,fei_0191,191,a,neutral,processed/fei_aligned/191a.jpg,bbbe12c8fee37d543fe6f127d895058cc477111292e4fd6c8b1a34810c6cac34,frontalimages_manuallyaligned_part2.zip,https://fei.edu.br/~cet/frontalimages_manuallyaligned_part2.zip,FEI-research-only,False,,publisher_manual,publisher_manually_aligned,test
fei_0191_b,fei_0191,191,b,smile,processed/fei_aligned/191b.jpg,8dff4d5546b758d2d29525b40c9194a1e48ead8aa030cc12c29a826a472583c7,frontalimages_manuallyaligned_part2.zip,https://fei.edu.br/~cet/frontalimages_manuallyaligned_part2.zip,FEI-research-only,False,,publisher_manual,publisher_manually_aligned,test
fei_0192_a,fei_0192,192,a,neutral,processed/fei_aligned/192a.jpg,548b00be89e29926094032ad4566c8a1fa987a8edd2cbb155ca3b4030de0e163,frontalimages_manuallyaligned_part2.zip,https://fei.edu.br/~cet/frontalimages_manuallyaligned_part2.zip,FEI-research-only,False,,publisher_manual,publisher_manually_aligned,dev
fei_0192_b,fei_0192,192,b,smile,processed/fei_aligned/192b.jpg,a8ac6cf0abcea1c105943151581ea564852a8c20afb884b4ac1b1ac5dda3c73d,frontalimages_manuallyaligned_part2.zip,https://fei.edu.br/~cet/frontalimages_manuallyaligned_part2.zip,FEI-research-only,False,,publisher_manual,publisher_manually_aligned,dev
fei_0193_a,fei_0193,193,a,neutral,processed/fei_aligned/193a.jpg,0e7d7b1243b30fe042c669cd9505825f756ae2aea2f2e6dbbcb89de2c7b9273c,frontalimages_manuallyaligned_part2.zip,https://fei.edu.br/~cet/frontalimages_manuallyaligned_part2.zip,FEI-research-only,False,,publisher_manual,publisher_manually_aligned,test
fei_0193_b,fei_0193,193,b,smile,processed/fei_aligned/193b.jpg,e716a4ae68c419efb106da0cd99f2833131aa83fbb80842fc13e8052908befc6,frontalimages_manuallyaligned_part2.zip,https://fei.edu.br/~cet/frontalimages_manuallyaligned_part2.zip,FEI-research-only,False,,publisher_manual,publisher_manually_aligned,test
fei_0194_a,fei_0194,194,a,neutral,processed/fei_aligned/194a.jpg,facaa144c60c1e743e7b4ca986e1961fd4fe4c796b9ce6a4fc986220fa2d5912,frontalimages_manuallyaligned_part2.zip,https://fei.edu.br/~cet/frontalimages_manuallyaligned_part2.zip,FEI-research-only,False,,publisher_manual,publisher_manually_aligned,val
fei_0194_b,fei_0194,194,b,smile,processed/fei_aligned/194b.jpg,18a755921aca0cd10129ce2ce5495122d8389f770454e1ab91ac3ee41b11c781,frontalimages_manuallyaligned_part2.zip,https://fei.edu.br/~cet/frontalimages_manuallyaligned_part2.zip,FEI-research-only,False,,publisher_manual,publisher_manually_aligned,val
fei_0195_a,fei_0195,195,a,neutral,processed/fei_aligned/195a.jpg,50a78ee60146479b3a6bf2c3352935eb3403662718b3548106d9edb79e0b03a8,frontalimages_manuallyaligned_part2.zip,https://fei.edu.br/~cet/frontalimages_manuallyaligned_part2.zip,FEI-research-only,False,,publisher_manual,publisher_manually_aligned,dev
fei_0195_b,fei_0195,195,b,smile,processed/fei_aligned/195b.jpg,9638e76206cccab21ccc262f37aa3fcd29eb223da14ac5220461f29f9e8f6f63,frontalimages_manuallyaligned_part2.zip,https://fei.edu.br/~cet/frontalimages_manuallyaligned_part2.zip,FEI-research-only,False,,publisher_manual,publisher_manually_aligned,dev
fei_0196_a,fei_0196,196,a,neutral,processed/fei_aligned/196a.jpg,a736c48e55f9f89aeccf4cb442968f7263c8195144dfe915802f1a7957c9a463,frontalimages_manuallyaligned_part2.zip,https://fei.edu.br/~cet/frontalimages_manuallyaligned_part2.zip,FEI-research-only,False,,publisher_manual,publisher_manually_aligned,dev
fei_0196_b,fei_0196,196,b,smile,processed/fei_aligned/196b.jpg,d737d8f5a6ccedab53cd806c46baf9919f2d45873089bea7c10245c86e7d03d3,frontalimages_manuallyaligned_part2.zip,https://fei.edu.br/~cet/frontalimages_manuallyaligned_part2.zip,FEI-research-only,False,,publisher_manual,publisher_manually_aligned,dev
fei_0197_a,fei_0197,197,a,neutral,processed/fei_aligned/197a.jpg,827f33b7bd5c2fbf96c47af4485ff2c5c07b44c99e2a4de44c67df8a424a1cf6,frontalimages_manuallyaligned_part2.zip,https://fei.edu.br/~cet/frontalimages_manuallyaligned_part2.zip,FEI-research-only,False,,publisher_manual,publisher_manually_aligned,dev
fei_0197_b,fei_0197,197,b,smile,processed/fei_aligned/197b.jpg,c659246d0f05f289d28b0ba3b2ff75e590bb38df16880e16017433025774c6d7,frontalimages_manuallyaligned_part2.zip,https://fei.edu.br/~cet/frontalimages_manuallyaligned_part2.zip,FEI-research-only,False,,publisher_manual,publisher_manually_aligned,dev
fei_0198_a,fei_0198,198,a,neutral,processed/fei_aligned/198a.jpg,d4bf23efff8a8d25b73ff8fef2c35015199b72eb984c48aa1c4d02046e961b33,frontalimages_manuallyaligned_part2.zip,https://fei.edu.br/~cet/frontalimages_manuallyaligned_part2.zip,FEI-research-only,False,,publisher_manual,publisher_manually_aligned,val
fei_0198_b,fei_0198,198,b,smile,processed/fei_aligned/198b.jpg,04c38923f1d206b01c50cb1566f33e6d071d68fa205e5f6e9b3832dc4a651c19,frontalimages_manuallyaligned_part2.zip,https://fei.edu.br/~cet/frontalimages_manuallyaligned_part2.zip,FEI-research-only,False,,publisher_manual,publisher_manually_aligned,val
fei_0199_a,fei_0199,199,a,neutral,processed/fei_aligned/199a.jpg,7c68906f88b05464a5b87a94fa0d28d55daf499becc643d83a3e4ef8be4a4f53,frontalimages_manuallyaligned_part2.zip,https://fei.edu.br/~cet/frontalimages_manuallyaligned_part2.zip,FEI-research-only,False,,publisher_manual,publisher_manually_aligned,val
fei_0199_b,fei_0199,199,b,smile,processed/fei_aligned/199b.jpg,66efc2067b3555c7821f802fad293a7cf325447f6b11afa4a812f8bb7797229d,frontalimages_manuallyaligned_part2.zip,https://fei.edu.br/~cet/frontalimages_manuallyaligned_part2.zip,FEI-research-only,False,,publisher_manual,publisher_manually_aligned,val
fei_0200_a,fei_0200,200,a,neutral,processed/fei_aligned/200a.jpg,5d8c24d8a0df6976edb9bc7a62d9d73af14a728c749679a2e8e0a105af471793,frontalimages_manuallyaligned_part2.zip,https://fei.edu.br/~cet/frontalimages_manuallyaligned_part2.zip,FEI-research-only,False,,publisher_manual,publisher_manually_aligned,dev
fei_0200_b,fei_0200,200,b,smile,processed/fei_aligned/200b.jpg,68c397df8720b5b3a62274e882a3232209f9eb881e6288fab05177433e23e9e1,frontalimages_manuallyaligned_part2.zip,https://fei.edu.br/~cet/frontalimages_manuallyaligned_part2.zip,FEI-research-only,False,,publisher_manual,publisher_manually_aligned,dev
