sample_id,identity_id,identity_index,acquisition_slot,condition,condition_label_source,protocol_role,source_relative_path,source_sha256,source_archive,source_url,license_id,split,face_detection_attempted,face_detected,detected_face_count,selected_face_index,detection_score,face_bbox_json,face_landmarks_5_json,alignment_transform_json,alignment_template_index,alignment_source,alignment_status,alignment_failure_reason,usable_for_model,source_width,source_height,brightness,blur_variance,yaw_proxy,relative_path,sha256,preprocessing_fingerprint,detector_name,detector_sha256,insightface_code_revision,detector_runtime_providers_json
fei_0001_01,fei_0001,1,1,left_profile_extreme,derived_visual_protocol_v1,query,processed/fei_full/source/1-01.jpg,f68b48d8cdcbb7172fab9b35d0aae030ef8bd81174086399b1b77cf75b0a998d,originalimages_part1.zip,https://fei.edu.br/~cet/originalimages_part1.zip,FEI-research-only,dev,True,True,1,0,0.8124316930770874,"[161.12840270996094, 112.35669708251953, 333.1444091796875, 361.1582946777344]","[[190.38890075683594, 206.1284942626953], [217.22549438476562, 212.84210205078125], [159.172607421875, 252.03280639648438], [186.16879272460938, 299.5643005371094], [204.6820068359375, 303.01849365234375]]","[[0.43136586, 0.05088256, -39.55295413], [-0.05088256, 0.43136586, -28.23012936]]",0,insightface_scrfd_five_point,aligned,,True,640,480,0.5179050628063725,62.32981772307289,-1.6134748458862305,processed/fei_full/aligned/fei_0001_01.png,96b47c1d87c3e81e8858681f4c2305296cb747cdbf4e0a465713e81d58d117f9,34da13374d4b131f2890f8c98248e1c9ce5d5c1aaf4a8751c718a0bd6f302f84,buffalo_l,5838f7fe053675b1c7a08b633df49e7af5495cee0493c7dcf6697200b85b5b91,7fadd420c2351d0ffa8cac403421c1a3ed733365,"[""CUDAExecutionProvider"", ""CPUExecutionProvider""]"
fei_0001_02,fei_0001,1,2,left_profile,derived_visual_protocol_v1,reference,processed/fei_full/source/1-02.jpg,95b1d1ee89e667f8ab73bf776c8983938339dfa01b8307011482577fcb7f859f,originalimages_part1.zip,https://fei.edu.br/~cet/originalimages_part1.zip,FEI-research-only,dev,True,True,1,0,0.8355787992477417,"[175.8135986328125, 115.82450103759766, 379.106201171875, 374.9599914550781]","[[197.2198944091797, 211.4528045654297], [261.0824890136719, 216.27529907226562], [182.976806640625, 258.6332092285156], [192.88340759277344, 309.6347961425781], [244.09970092773438, 313.0231018066406]]","[[0.4072632, 0.04144365, -42.65126914], [-0.04144365, 0.4072632, -25.78485]]",0,insightface_scrfd_five_point,aligned,,True,640,480,0.5101316125408497,50.2058898162418,-0.7209745645523071,processed/fei_full/aligned/fei_0001_02.png,1de628678f73753533b073911dda89377641a59ba15b53a688576dd9f076339c,34da13374d4b131f2890f8c98248e1c9ce5d5c1aaf4a8751c718a0bd6f302f84,buffalo_l,5838f7fe053675b1c7a08b633df49e7af5495cee0493c7dcf6697200b85b5b91,7fadd420c2351d0ffa8cac403421c1a3ed733365,"[""CUDAExecutionProvider"", ""CPUExecutionProvider""]"
fei_0001_03,fei_0001,1,3,left_three_quarter,derived_visual_protocol_v1,query,processed/fei_full/source/1-03.jpg,c031b0a66da0cbc475804bfacb2f0cc0b8725e62a9c80532493fe2b0730d5b3c,originalimages_part1.zip,https://fei.edu.br/~cet/originalimages_part1.zip,FEI-research-only,dev,True,True,1,0,0.8461650013923645,"[200.22549438476562, 108.24019622802734, 400.76190185546875, 366.4858093261719]","[[222.5404052734375, 203.94369506835938], [298.6754150390625, 204.7969970703125], [227.31809997558594, 251.23779296875], [222.76400756835938, 302.16259765625], [284.5588073730469, 303.4855041503906]]","[[0.40923534, 0.02271501, -52.51177291], [-0.02271501, 0.40923534, -25.98168613]]",0,insightface_scrfd_five_point,aligned,,True,640,480,0.5043660768995099,45.121979097323944,-0.4372200071811676,processed/fei_full/aligned/fei_0001_03.png,4e085ae0aefa5fa43f373593b85757bbec3f2ddc01d35cd3604cc3b656f5a561,34da13374d4b131f2890f8c98248e1c9ce5d5c1aaf4a8751c718a0bd6f302f84,buffalo_l,5838f7fe053675b1c7a08b633df49e7af5495cee0493c7dcf6697200b85b5b91,7fadd420c2351d0ffa8cac403421c1a3ed733365,"[""CUDAExecutionProvider"", ""CPUExecutionProvider""]"
fei_0001_04,fei_0001,1,4,left_slight,derived_visual_protocol_v1,reference,processed/fei_full/source/1-04.jpg,1cd47112bd49e53cf101896c4026aca859ac836d0a4991593bcdfa56b1b6df11,originalimages_part1.zip,https://fei.edu.br/~cet/originalimages_part1.zip,FEI-research-only,dev,True,True,1,0,0.870121955871582,"[207.53880310058594, 110.09410095214844, 411.79949951171875, 362.6856994628906]","[[237.8572998046875, 200.40780639648438], [319.7174987792969, 203.24200439453125], [250.45150756835938, 249.63389587402344], [236.6280059814453, 298.9164123535156], [302.1510009765625, 301.9620056152344]]","[[0.4064068, 0.03224608, -61.53236211], [-0.03224608, 0.4064068, -21.35336204]]",0,insightface_scrfd_five_point,aligned,,True,640,480,0.5110425857843137,42.70220682762994,-0.3459432125091553,processed/fei_full/aligned/fei_0001_04.png,03c8c9e02ee40bd751d70e1df6926058fa2ee6b7ace7702e59c34fd0b5f45022,34da13374d4b131f2890f8c98248e1c9ce5d5c1aaf4a8751c718a0bd6f302f84,buffalo_l,5838f7fe053675b1c7a08b633df49e7af5495cee0493c7dcf6697200b85b5b91,7fadd420c2351d0ffa8cac403421c1a3ed733365,"[""CUDAExecutionProvider"", ""CPUExecutionProvider""]"
fei_0001_05,fei_0001,1,5,near_frontal_left,derived_visual_protocol_v1,reference,processed/fei_full/source/1-05.jpg,030a2aae3c940e574d50afaa1bc071ad7afe01a86e42925182d7a5e17b25c119,originalimages_part1.zip,https://fei.edu.br/~cet/originalimages_part1.zip,FEI-research-only,dev,True,True,1,0,0.8893148303031921,"[210.96730041503906, 108.46499633789062, 417.71160888671875, 354.1890869140625]","[[257.11199951171875, 198.86199951171875], [351.2650146484375, 199.55490112304688], [295.12530517578125, 243.23959350585938], [262.564208984375, 294.6390075683594], [338.1817932128906, 296.010009765625]]","[[0.40196275, 0.01345329, -68.21991055], [-0.01345329, 0.40196275, -23.11998062]]",0,insightface_scrfd_five_point,aligned,,True,640,480,0.5096018050449346,37.93930547713174,-0.09625773876905441,processed/fei_full/aligned/fei_0001_05.png,3afafdb120585a4e7c1018d0a2c7ce201c9399a34c95e356e9cab09542fc6173,34da13374d4b131f2890f8c98248e1c9ce5d5c1aaf4a8751c718a0bd6f302f84,buffalo_l,5838f7fe053675b1c7a08b633df49e7af5495cee0493c7dcf6697200b85b5b91,7fadd420c2351d0ffa8cac403421c1a3ed733365,"[""CUDAExecutionProvider"", ""CPUExecutionProvider""]"
fei_0001_06,fei_0001,1,6,near_frontal_right,derived_visual_protocol_v1,reference,processed/fei_full/source/1-06.jpg,171d586f7a81f27fa4c98d9a02121142c7a6255575343dc9592d1a27e036427e,originalimages_part1.zip,https://fei.edu.br/~cet/originalimages_part1.zip,FEI-research-only,dev,True,True,1,0,0.864287257194519,"[230.90040588378906, 110.2384033203125, 434.81829833984375, 355.7054138183594]","[[305.19940185546875, 199.04690551757812], [397.6452941894531, 197.35260009765625], [366.6883850097656, 243.44070434570312], [317.0741882324219, 295.12799072265625], [393.7196960449219, 292.5528869628906]]","[[0.40182629, -0.01150428, -84.22593865], [0.01150428, 0.40182629, -30.84553761]]",0,insightface_scrfd_five_point,aligned,,True,640,480,0.5114479294321895,41.00500045420329,0.16510754823684692,processed/fei_full/aligned/fei_0001_06.png,85d3fd07c0fd1fd931658067cb95c646665359fbb9eae7738469e3574331e095,34da13374d4b131f2890f8c98248e1c9ce5d5c1aaf4a8751c718a0bd6f302f84,buffalo_l,5838f7fe053675b1c7a08b633df49e7af5495cee0493c7dcf6697200b85b5b91,7fadd420c2351d0ffa8cac403421c1a3ed733365,"[""CUDAExecutionProvider"", ""CPUExecutionProvider""]"
fei_0001_07,fei_0001,1,7,right_slight,derived_visual_protocol_v1,reference,processed/fei_full/source/1-07.jpg,a7a91e58c75b1b394e25421930a64b96a4a28c04e9823072a866c3a959a463e1,originalimages_part1.zip,https://fei.edu.br/~cet/originalimages_part1.zip,FEI-research-only,dev,True,True,1,0,0.8613850474357605,"[253.84129333496094, 119.67839813232422, 455.16009521484375, 373.81768798828125]","[[354.97698974609375, 213.40159606933594], [431.5779113769531, 210.2097930908203], [427.5184020996094, 260.460205078125], [370.5083923339844, 312.7593994140625], [432.627197265625, 309.189697265625]]","[[0.405937, -0.02617196, -100.90954666], [0.02617196, 0.405937, -44.69050175]]",0,insightface_scrfd_five_point,aligned,,True,640,480,0.5091435738357843,41.212171500640444,0.44661688804626465,processed/fei_full/aligned/fei_0001_07.png,273a98a802c3034e37b2a31fe74fc6440cb529f0eb045362b2b7ea74237ffe40,34da13374d4b131f2890f8c98248e1c9ce5d5c1aaf4a8751c718a0bd6f302f84,buffalo_l,5838f7fe053675b1c7a08b633df49e7af5495cee0493c7dcf6697200b85b5b91,7fadd420c2351d0ffa8cac403421c1a3ed733365,"[""CUDAExecutionProvider"", ""CPUExecutionProvider""]"
fei_0001_08,fei_0001,1,8,right_three_quarter_expression,derived_visual_protocol_v1,query,processed/fei_full/source/1-08.jpg,4470be02571d26ac3e26a6fbda9b31b4ac618b9e97fe4c0f5512dcb8026e8e75,originalimages_part1.zip,https://fei.edu.br/~cet/originalimages_part1.zip,FEI-research-only,dev,True,True,1,0,0.8486428260803223,"[254.8885040283203, 114.12149810791016, 453.41180419921875, 361.639892578125]","[[361.7716979980469, 205.26600646972656], [433.364990234375, 203.67660522460938], [433.2998046875, 249.80690002441406], [372.7815856933594, 299.4674072265625], [432.3045959472656, 298.2178955078125]]","[[0.42186739, -0.01483904, -111.82036093], [0.01483904, 0.42186739, -40.14409596]]",0,insightface_scrfd_five_point,aligned,,True,640,480,0.5062081929125818,49.33233582889769,0.49896565079689026,processed/fei_full/aligned/fei_0001_08.png,85b56cc3762885e006a49a8d6217b663124349ab4a1523fea7a9e8d0a42b5d27,34da13374d4b131f2890f8c98248e1c9ce5d5c1aaf4a8751c718a0bd6f302f84,buffalo_l,5838f7fe053675b1c7a08b633df49e7af5495cee0493c7dcf6697200b85b5b91,7fadd420c2351d0ffa8cac403421c1a3ed733365,"[""CUDAExecutionProvider"", ""CPUExecutionProvider""]"
fei_0001_09,fei_0001,1,9,right_profile,derived_visual_protocol_v1,reference,processed/fei_full/source/1-09.jpg,85c185f16e47c5780a9e150e76dc26b0361ec9b932af5bf42d09f36d5ab70b83,originalimages_part1.zip,https://fei.edu.br/~cet/originalimages_part1.zip,FEI-research-only,dev,True,True,1,0,0.8294224739074707,"[276.2379150390625, 114.10340118408203, 468.2164001464844, 357.9815979003906]","[[387.2453918457031, 202.75039672851562], [448.5223083496094, 198.84750366210938], [459.8843994140625, 243.59249877929688], [400.95550537109375, 298.5932922363281], [450.4649963378906, 295.6330871582031]]","[[0.4197521, -0.02877226, -117.08930873], [0.02877226, 0.4197521, -44.50400114]]",0,insightface_scrfd_five_point,aligned,,True,640,480,0.5094402190563725,50.03981217748854,0.684037983417511,processed/fei_full/aligned/fei_0001_09.png,ac6d06d439926aae961ecc41280ce2e7a4dea2bc23dc94fdaaa05489215b04cd,34da13374d4b131f2890f8c98248e1c9ce5d5c1aaf4a8751c718a0bd6f302f84,buffalo_l,5838f7fe053675b1c7a08b633df49e7af5495cee0493c7dcf6697200b85b5b91,7fadd420c2351d0ffa8cac403421c1a3ed733365,"[""CUDAExecutionProvider"", ""CPUExecutionProvider""]"
fei_0001_10,fei_0001,1,10,right_profile_extreme,derived_visual_protocol_v1,query,processed/fei_full/source/1-10.jpg,cb9c99ec245a5401632b51c71455ac693203dad2d148f546c841cf13f3514a9a,originalimages_part1.zip,https://fei.edu.br/~cet/originalimages_part1.zip,FEI-research-only,dev,True,True,1,0,0.7632114291191101,"[309.5369873046875, 120.73619842529297, 485.7703857421875, 368.6452941894531]","[[434.51568603515625, 215.6968994140625], [461.19989013671875, 210.71429443359375], [491.91259765625, 260.4547119140625], [441.0284118652344, 310.8714904785156], [459.4796142578125, 308.22491455078125]]","[[0.41243866, -0.01689895, -128.30313574], [0.01689895, 0.41243866, -43.55851342]]",0,insightface_scrfd_five_point,aligned,,True,640,480,0.5019080882352941,54.38548695745468,1.622921347618103,processed/fei_full/aligned/fei_0001_10.png,50bc71e1be62355656d99bcaae49f4ae8e5940e7f04327256a93b31d630fdaa4,34da13374d4b131f2890f8c98248e1c9ce5d5c1aaf4a8751c718a0bd6f302f84,buffalo_l,5838f7fe053675b1c7a08b633df49e7af5495cee0493c7dcf6697200b85b5b91,7fadd420c2351d0ffa8cac403421c1a3ed733365,"[""CUDAExecutionProvider"", ""CPUExecutionProvider""]"
fei_0001_11,fei_0001,1,11,frontal_neutral,derived_visual_protocol_v1,reference,processed/fei_full/source/1-11.jpg,9fbb1e15534d5bb8733205f479dfb2ef05c9e55506b52ac805e2360140f0a98b,originalimages_part1.zip,https://fei.edu.br/~cet/originalimages_part1.zip,FEI-research-only,dev,True,True,1,0,0.8998697996139526,"[218.39300537109375, 102.06330108642578, 423.4996032714844, 350.0419921875]","[[277.2276916503906, 194.2895965576172], [371.065185546875, 192.8137969970703], [327.0624084472656, 236.89610290527344], [288.16558837890625, 289.5437927246094], [363.52899169921875, 288.2974853515625]]","[[0.40549853, -0.00465893, -74.80725658], [0.00465893, 0.40549853, -27.08422054]]",0,insightface_scrfd_five_point,aligned,,True,640,480,0.5092783905228758,40.894669921832616,0.03107002191245556,processed/fei_full/aligned/fei_0001_11.png,dced922899c3f6e47f89f2c90ad71e88b96a327067877d61edde3e5e50b54932,34da13374d4b131f2890f8c98248e1c9ce5d5c1aaf4a8751c718a0bd6f302f84,buffalo_l,5838f7fe053675b1c7a08b633df49e7af5495cee0493c7dcf6697200b85b5b91,7fadd420c2351d0ffa8cac403421c1a3ed733365,"[""CUDAExecutionProvider"", ""CPUExecutionProvider""]"
fei_0001_12,fei_0001,1,12,frontal_smile,derived_visual_protocol_v1,query,processed/fei_full/source/1-12.jpg,2ebb038bf61808e521c4a7d66e253045aee586e033fbc97051ee673d95789fcd,originalimages_part1.zip,https://fei.edu.br/~cet/originalimages_part1.zip,FEI-research-only,dev,True,True,1,0,0.8970738053321838,"[215.7292938232422, 103.10669708251953, 421.90679931640625, 352.0863952636719]","[[272.2886962890625, 198.11300659179688], [367.9773864746094, 195.23280334472656], [322.1112976074219, 243.6342010498047], [276.3999938964844, 281.9591064453125], [367.3882141113281, 279.23638916015625]]","[[0.40702419, -0.00799576, -72.80741239], [0.00799576, 0.40702419, -28.20500035]]",0,insightface_scrfd_five_point,aligned,,True,640,480,0.5095989200367647,33.98230667062335,0.020664026960730553,processed/fei_full/aligned/fei_0001_12.png,9e4db3e6744c307b85a1d6bb7abb76722de1764ec9afaa286dd3df1bd64e5a29,34da13374d4b131f2890f8c98248e1c9ce5d5c1aaf4a8751c718a0bd6f302f84,buffalo_l,5838f7fe053675b1c7a08b633df49e7af5495cee0493c7dcf6697200b85b5b91,7fadd420c2351d0ffa8cac403421c1a3ed733365,"[""CUDAExecutionProvider"", ""CPUExecutionProvider""]"
fei_0001_13,fei_0001,1,13,frontal_scale,derived_visual_protocol_v1,reference,processed/fei_full/source/1-13.jpg,faa0c5641c5cbe8c1e1064696e91255a7f5c89d48e395e23dc362d8e861f4a49,originalimages_part1.zip,https://fei.edu.br/~cet/originalimages_part1.zip,FEI-research-only,dev,True,True,1,0,0.8974528908729553,"[216.65249633789062, 102.01319885253906, 421.32000732421875, 348.8363952636719]","[[274.051513671875, 194.0601043701172], [367.1995849609375, 191.92019653320312], [322.7572937011719, 234.7135009765625], [284.2502136230469, 286.18890380859375], [362.0163879394531, 284.22821044921875]]","[[0.41084093, -0.00830314, -74.30921862], [0.00830314, 0.41084093, -28.64471694]]",0,insightface_scrfd_five_point,aligned,,True,640,480,0.4683457669526144,35.07291081746419,0.022879181429743767,processed/fei_full/aligned/fei_0001_13.png,d391a2750d8c7b848a3dfa36c94444716485099ccc3419d641a383e8c74b3246,34da13374d4b131f2890f8c98248e1c9ce5d5c1aaf4a8751c718a0bd6f302f84,buffalo_l,5838f7fe053675b1c7a08b633df49e7af5495cee0493c7dcf6697200b85b5b91,7fadd420c2351d0ffa8cac403421c1a3ed733365,"[""CUDAExecutionProvider"", ""CPUExecutionProvider""]"
fei_0001_14,fei_0001,1,14,frontal_low_light,derived_visual_protocol_v1,query,processed/fei_full/source/1-14.jpg,63344de5575fef5ba41653d1664f5525dd86e856d573951650298c325abbe089,originalimages_part1.zip,https://fei.edu.br/~cet/originalimages_part1.zip,FEI-research-only,dev,True,True,1,0,0.8869389891624451,"[217.6862030029297, 103.57389831542969, 423.3638916015625, 349.92779541015625]","[[276.38360595703125, 193.7303924560547], [369.4299011230469, 191.7397003173828], [325.4898986816406, 234.78480529785156], [287.1512145996094, 286.9393005371094], [362.81939697265625, 285.0459899902344]]","[[0.41087298, -0.00695694, -75.54251417], [0.00695694, 0.41087298, -28.32689867]]",0,insightface_scrfd_five_point,aligned,,True,640,480,0.23455762357026144,19.33464052445094,0.027755390852689743,processed/fei_full/aligned/fei_0001_14.png,ade16a0bfd49b05115d868651ec79256d8a1305e80c40b82a81387ceed129ff9,34da13374d4b131f2890f8c98248e1c9ce5d5c1aaf4a8751c718a0bd6f302f84,buffalo_l,5838f7fe053675b1c7a08b633df49e7af5495cee0493c7dcf6697200b85b5b91,7fadd420c2351d0ffa8cac403421c1a3ed733365,"[""CUDAExecutionProvider"", ""CPUExecutionProvider""]"
fei_0002_01,fei_0002,2,1,left_profile_extreme,derived_visual_protocol_v1,query,processed/fei_full/source/2-01.jpg,ec27f42bd6a56a96aa38658f4e9a6910a1fdfb22c503a0077c77c95e15fc622f,originalimages_part1.zip,https://fei.edu.br/~cet/originalimages_part1.zip,FEI-research-only,dev,True,True,1,0,0.8237277865409851,"[176.77040100097656, 65.3677978515625, 351.9237060546875, 345.9457092285156]","[[192.56820678710938, 190.19189453125], [239.7281951904297, 191.92320251464844], [179.4644012451172, 243.4748992919922], [206.52330017089844, 289.3915100097656], [240.49940490722656, 290.1521911621094]]","[[0.41746655, -0.01835194, -27.95188891], [0.01835194, 0.41746655, -32.60596719]]",0,insightface_scrfd_five_point,aligned,,True,640,480,0.5430041232638889,75.29472638888889,-0.7773350477218628,processed/fei_full/aligned/fei_0002_01.png,e7a65261e2df8360d83a2372f9cd0c518545eedb111cc414ec0d87fc117811d6,34da13374d4b131f2890f8c98248e1c9ce5d5c1aaf4a8751c718a0bd6f302f84,buffalo_l,5838f7fe053675b1c7a08b633df49e7af5495cee0493c7dcf6697200b85b5b91,7fadd420c2351d0ffa8cac403421c1a3ed733365,"[""CUDAExecutionProvider"", ""CPUExecutionProvider""]"
fei_0002_02,fei_0002,2,2,left_profile,derived_visual_protocol_v1,reference,processed/fei_full/source/2-02.jpg,0c1c2c394c1fe2965ff8321cb6e1f7342d916bf7ad133bfbc988c33b9e52f985,originalimages_part1.zip,https://fei.edu.br/~cet/originalimages_part1.zip,FEI-research-only,dev,True,True,1,0,0.8675490617752075,"[197.0720977783203, 66.61229705810547, 371.34100341796875, 344.3232116699219]","[[212.94020080566406, 186.67970275878906], [280.710205078125, 188.14450073242188], [219.6497039794922, 245.68690490722656], [224.69239807128906, 287.6283874511719], [275.0202941894531, 289.6712951660156]]","[[0.41614186, -0.00267332, -44.29049617], [0.00267332, 0.41614186, -28.43962052]]",0,insightface_scrfd_five_point,aligned,,True,640,480,0.5255681551266339,68.05278752810159,-0.4009023904800415,processed/fei_full/aligned/fei_0002_02.png,708c2fa8534570cc3c7610082e09c6bbe790908833c35863573ded754c5a24f6,34da13374d4b131f2890f8c98248e1c9ce5d5c1aaf4a8751c718a0bd6f302f84,buffalo_l,5838f7fe053675b1c7a08b633df49e7af5495cee0493c7dcf6697200b85b5b91,7fadd420c2351d0ffa8cac403421c1a3ed733365,"[""CUDAExecutionProvider"", ""CPUExecutionProvider""]"
fei_0002_03,fei_0002,2,3,left_three_quarter,derived_visual_protocol_v1,query,processed/fei_full/source/2-03.jpg,3b829882689aa3f006aceedd122d4b500a45f3f6c4a014b5e7996e5f28437fd5,originalimages_part1.zip,https://fei.edu.br/~cet/originalimages_part1.zip,FEI-research-only,dev,True,True,1,0,0.892606794834137,"[197.8428955078125, 67.35929870605469, 378.2421875, 342.88079833984375]","[[223.08349609375, 183.872802734375], [300.9978942871094, 187.82220458984375], [242.72279357910156, 244.45120239257812], [231.05189514160156, 283.0122985839844], [290.03680419921875, 287.02520751953125]]","[[0.41858265, 0.01474816, -55.29055828], [-0.01474816, 0.41858265, -23.60358838]]",0,insightface_scrfd_five_point,aligned,,True,640,480,0.5221096686070261,78.11951007381016,-0.24761945009231567,processed/fei_full/aligned/fei_0002_03.png,58c20583a92912fdf2e6497c7d907102646cd23eb9c00fc01e124b29f0579782,34da13374d4b131f2890f8c98248e1c9ce5d5c1aaf4a8751c718a0bd6f302f84,buffalo_l,5838f7fe053675b1c7a08b633df49e7af5495cee0493c7dcf6697200b85b5b91,7fadd420c2351d0ffa8cac403421c1a3ed733365,"[""CUDAExecutionProvider"", ""CPUExecutionProvider""]"
fei_0002_04,fei_0002,2,4,left_slight,derived_visual_protocol_v1,reference,processed/fei_full/source/2-04.jpg,5632e14402ffae90bd1a2e0293f563abb134d54c99af41e5a77c130f8c581f66,originalimages_part1.zip,https://fei.edu.br/~cet/originalimages_part1.zip,FEI-research-only,dev,True,True,1,0,0.8844491243362427,"[210.22430419921875, 65.37860107421875, 389.90179443359375, 341.49139404296875]","[[244.58070373535156, 182.5825958251953], [327.8033142089844, 190.38519287109375], [273.3559875488281, 247.88670349121094], [249.2427978515625, 282.0163879394531], [311.1304931640625, 289.6278076171875]]","[[0.41253161, 0.03392509, -68.07820034], [-0.03392509, 0.41253161, -16.94739251]]",0,insightface_scrfd_five_point,aligned,,True,640,480,0.5271587903390523,83.4994393878513,-0.15356428921222687,processed/fei_full/aligned/fei_0002_04.png,6cf99e321835c2da95b4fd7c29ac96658c7a33536afb2e4087ea6ac53822b6e6,34da13374d4b131f2890f8c98248e1c9ce5d5c1aaf4a8751c718a0bd6f302f84,buffalo_l,5838f7fe053675b1c7a08b633df49e7af5495cee0493c7dcf6697200b85b5b91,7fadd420c2351d0ffa8cac403421c1a3ed733365,"[""CUDAExecutionProvider"", ""CPUExecutionProvider""]"
fei_0002_05,fei_0002,2,5,near_frontal_left,derived_visual_protocol_v1,reference,processed/fei_full/source/2-05.jpg,39e0c14400982144c861ebcabe22541076006abc31093c35222b4c44d3205b96,originalimages_part1.zip,https://fei.edu.br/~cet/originalimages_part1.zip,FEI-research-only,dev,True,True,1,0,0.8799044489860535,"[213.79010009765625, 62.99919891357422, 394.9847106933594, 339.5528869628906]","[[253.07940673828125, 182.7716064453125], [338.4870910644531, 184.9853973388672], [289.87469482421875, 245.8092041015625], [263.3851013183594, 282.30450439453125], [327.3428039550781, 284.4544982910156]]","[[0.41186012, 0.00778124, -67.07625919], [-0.00778124, 0.41186012, -23.03394546]]",0,insightface_scrfd_five_point,aligned,,True,640,480,0.5227549274918301,78.60038733773762,-0.06915793567895889,processed/fei_full/aligned/fei_0002_05.png,b80f80db322f8ff5926bc4c4714ca85b55ef51cadb7cdfa3fadb32ffb19cfe31,34da13374d4b131f2890f8c98248e1c9ce5d5c1aaf4a8751c718a0bd6f302f84,buffalo_l,5838f7fe053675b1c7a08b633df49e7af5495cee0493c7dcf6697200b85b5b91,7fadd420c2351d0ffa8cac403421c1a3ed733365,"[""CUDAExecutionProvider"", ""CPUExecutionProvider""]"
fei_0002_06,fei_0002,2,6,near_frontal_right,derived_visual_protocol_v1,reference,processed/fei_full/source/2-06.jpg,39ae513e3cd07262d0c589ede8441d3bed000d2afd78d1fabbc46f5b515f01ee,originalimages_part1.zip,https://fei.edu.br/~cet/originalimages_part1.zip,FEI-research-only,dev,True,True,1,0,0.8899878263473511,"[223.49929809570312, 67.09919738769531, 408.60040283203125, 345.6372985839844]","[[274.55999755859375, 187.55709838867188], [361.22601318359375, 189.96119689941406], [316.5935974121094, 250.68649291992188], [280.71319580078125, 286.8633117675781], [345.9480895996094, 289.2037048339844]]","[[0.41004813, 0.01878697, -77.99532318], [-0.01878697, 0.41004813, -20.92801462]]",0,insightface_scrfd_five_point,aligned,,True,640,480,0.523590558619281,90.36288554482991,-0.014987531118094921,processed/fei_full/aligned/fei_0002_06.png,c9595373683d7013ebc340f025b989fae7b5160d17b1bd401afa9bbd33c62f64,34da13374d4b131f2890f8c98248e1c9ce5d5c1aaf4a8751c718a0bd6f302f84,buffalo_l,5838f7fe053675b1c7a08b633df49e7af5495cee0493c7dcf6697200b85b5b91,7fadd420c2351d0ffa8cac403421c1a3ed733365,"[""CUDAExecutionProvider"", ""CPUExecutionProvider""]"
fei_0002_07,fei_0002,2,7,right_slight,derived_visual_protocol_v1,reference,processed/fei_full/source/2-07.jpg,1b623f403a9dd75e8ce4e971d0c8e9872b06c51016633bb35a64630a10bb6e4b,originalimages_part1.zip,https://fei.edu.br/~cet/originalimages_part1.zip,FEI-research-only,dev,True,True,1,0,0.8657429218292236,"[244.8459014892578, 67.09089660644531, 432.3653869628906, 351.7157897949219]","[[323.5137939453125, 193.75889587402344], [402.2296142578125, 193.47669982910156], [375.59100341796875, 259.0657958984375], [325.9804992675781, 293.4794006347656], [383.2478942871094, 293.2438049316406]]","[[0.41355667, 0.02406298, -99.66196027], [-0.02406298, 0.41355667, -21.37082722]]",0,insightface_scrfd_five_point,aligned,,True,640,480,0.5246160258374183,71.48886443138123,0.16158413887023926,processed/fei_full/aligned/fei_0002_07.png,1c2f53a3e2ac07b04ba9969b7e803a2dc81de563173141acace355b283309643,34da13374d4b131f2890f8c98248e1c9ce5d5c1aaf4a8751c718a0bd6f302f84,buffalo_l,5838f7fe053675b1c7a08b633df49e7af5495cee0493c7dcf6697200b85b5b91,7fadd420c2351d0ffa8cac403421c1a3ed733365,"[""CUDAExecutionProvider"", ""CPUExecutionProvider""]"
fei_0002_08,fei_0002,2,8,right_three_quarter_expression,derived_visual_protocol_v1,query,processed/fei_full/source/2-08.jpg,0fc89e46befa58489c0b65b70da4725260834214b97c2639b5ea0bc4f33a4972,originalimages_part1.zip,https://fei.edu.br/~cet/originalimages_part1.zip,FEI-research-only,dev,True,True,1,0,0.8617726564407349,"[249.47109985351562, 63.84000015258789, 437.99639892578125, 350.6274108886719]","[[333.9884948730469, 194.46290588378906], [411.6387023925781, 192.03880310058594], [389.32470703125, 260.130615234375], [337.4808044433594, 295.4136047363281], [392.90740966796875, 293.43890380859375]]","[[0.40857532, 0.01797908, -100.84280034], [-0.01797908, 0.40857532, -22.34952412]]",0,insightface_scrfd_five_point,aligned,,True,640,480,0.5207243157679738,70.34632143909666,0.21253091096878052,processed/fei_full/aligned/fei_0002_08.png,be41a6164f65b1ba1ee74c9588396fd68c1e89ce898351b87964e9fde9577c3a,34da13374d4b131f2890f8c98248e1c9ce5d5c1aaf4a8751c718a0bd6f302f84,buffalo_l,5838f7fe053675b1c7a08b633df49e7af5495cee0493c7dcf6697200b85b5b91,7fadd420c2351d0ffa8cac403421c1a3ed733365,"[""CUDAExecutionProvider"", ""CPUExecutionProvider""]"
fei_0002_09,fei_0002,2,9,right_profile,derived_visual_protocol_v1,reference,processed/fei_full/source/2-09.jpg,f16403db94a8fb2824041106133d4dadcfb1a8b426be5f6004182265439b35a4,originalimages_part1.zip,https://fei.edu.br/~cet/originalimages_part1.zip,FEI-research-only,dev,True,True,1,0,0.8699601292610168,"[269.94769287109375, 65.39649963378906, 447.9331970214844, 345.3135986328125]","[[366.9252014160156, 191.56149291992188], [431.68890380859375, 189.7760009765625], [427.70050048828125, 246.18359375], [370.16339111328125, 288.31170654296875], [418.72100830078125, 287.8362121582031]]","[[0.42766597, 0.01449013, -119.82853377], [-0.01449013, 0.42766597, -25.21279046]]",0,insightface_scrfd_five_point,aligned,,True,640,480,0.5250316967933006,71.25986928808425,0.43824973702430725,processed/fei_full/aligned/fei_0002_09.png,45f653178dd7c1095e94cb96ada962c6a810cbbf7163e94112420ce2d0f2b16f,34da13374d4b131f2890f8c98248e1c9ce5d5c1aaf4a8751c718a0bd6f302f84,buffalo_l,5838f7fe053675b1c7a08b633df49e7af5495cee0493c7dcf6697200b85b5b91,7fadd420c2351d0ffa8cac403421c1a3ed733365,"[""CUDAExecutionProvider"", ""CPUExecutionProvider""]"
fei_0002_10,fei_0002,2,10,right_profile_extreme,derived_visual_protocol_v1,query,processed/fei_full/source/2-10.jpg,839774c52ed9891350f99e98f66371f144940d2b695e308da45d410b7dc212cc,originalimages_part1.zip,https://fei.edu.br/~cet/originalimages_part1.zip,FEI-research-only,dev,True,True,1,0,0.8230897188186646,"[280.0158996582031, 60.109500885009766, 448.6337890625, 337.9649963378906]","[[393.23260498046875, 185.75650024414062], [429.7912902832031, 183.0334930419922], [449.6498107910156, 231.80430603027344], [397.0127868652344, 279.72821044921875], [424.1673889160156, 278.71661376953125]]","[[0.43635171, 0.00074251, -126.8772921], [-0.00074251, 0.43635171, -28.93801531]]",0,insightface_scrfd_five_point,aligned,,True,640,480,0.5140055147058823,63.440718835608166,1.0403128862380981,processed/fei_full/aligned/fei_0002_10.png,8af58bb675e26ef2b23735e65990244c73dbe3e92f959c806f48f7b3aa8bbf9b,34da13374d4b131f2890f8c98248e1c9ce5d5c1aaf4a8751c718a0bd6f302f84,buffalo_l,5838f7fe053675b1c7a08b633df49e7af5495cee0493c7dcf6697200b85b5b91,7fadd420c2351d0ffa8cac403421c1a3ed733365,"[""CUDAExecutionProvider"", ""CPUExecutionProvider""]"
fei_0002_11,fei_0002,2,11,frontal_neutral,derived_visual_protocol_v1,reference,processed/fei_full/source/2-11.jpg,68efff5afa8f1b116f913a774e3694cdedf9e5db74d6a87bbdaa8548e7aabd04,originalimages_part1.zip,https://fei.edu.br/~cet/originalimages_part1.zip,FEI-research-only,dev,True,True,1,0,0.8913047313690186,"[219.9365997314453, 64.49949645996094, 407.73199462890625, 349.8599853515625]","[[271.83160400390625, 190.65150451660156], [358.60040283203125, 190.32870483398438], [315.5137023925781, 251.60870361328125], [280.9552001953125, 290.6492919921875], [347.46490478515625, 290.622314453125]]","[[0.40806263, 0.00443744, -73.53911194], [-0.00443744, 0.40806263, -25.76820851]]",0,insightface_scrfd_five_point,aligned,,True,640,480,0.5203306142769608,86.08273610813353,0.003431271994486451,processed/fei_full/aligned/fei_0002_11.png,c83bfe45c4d4104280f7e4fa5033887ddbd1b38d67f0c7e31bd72a1ff869f4f5,34da13374d4b131f2890f8c98248e1c9ce5d5c1aaf4a8751c718a0bd6f302f84,buffalo_l,5838f7fe053675b1c7a08b633df49e7af5495cee0493c7dcf6697200b85b5b91,7fadd420c2351d0ffa8cac403421c1a3ed733365,"[""CUDAExecutionProvider"", ""CPUExecutionProvider""]"
fei_0002_12,fei_0002,2,12,frontal_smile,derived_visual_protocol_v1,query,processed/fei_full/source/2-12.jpg,790dd67f5389f6a884c59d323b67b215599897f52d1ef5e416058497a4cecfba,originalimages_part1.zip,https://fei.edu.br/~cet/originalimages_part1.zip,FEI-research-only,dev,True,True,1,0,0.8984315991401672,"[223.73289489746094, 64.17539978027344, 408.4873962402344, 347.1160888671875]","[[276.92889404296875, 181.93679809570312], [363.5906066894531, 184.95159912109375], [320.54058837890625, 241.6226043701172], [275.2507019042969, 270.8066101074219], [357.106201171875, 273.4547119140625]]","[[0.41746564, 0.01935628, -81.47589137], [-0.01935628, 0.41746564, -18.17927286]]",0,insightface_scrfd_five_point,aligned,,True,640,480,0.5213072661356208,94.33066072708766,0.003239545738324523,processed/fei_full/aligned/fei_0002_12.png,8e61dc58fa3cb66ea67ca46197ead63973c423ba9c88549f097803d6b0715405,34da13374d4b131f2890f8c98248e1c9ce5d5c1aaf4a8751c718a0bd6f302f84,buffalo_l,5838f7fe053675b1c7a08b633df49e7af5495cee0493c7dcf6697200b85b5b91,7fadd420c2351d0ffa8cac403421c1a3ed733365,"[""CUDAExecutionProvider"", ""CPUExecutionProvider""]"
fei_0002_13,fei_0002,2,13,frontal_scale,derived_visual_protocol_v1,reference,processed/fei_full/source/2-13.jpg,64022b10c1a9f97f840daa3912ca1990e8df1446b5d563bf05588b317d3a5be1,originalimages_part1.zip,https://fei.edu.br/~cet/originalimages_part1.zip,FEI-research-only,dev,True,True,1,0,0.9056565165519714,"[222.63040161132812, 63.40019989013672, 408.60540771484375, 343.3255920410156]","[[273.0039978027344, 186.46510314941406], [359.07159423828125, 186.34230041503906], [315.5768127441406, 245.18679809570312], [281.4577941894531, 282.7229919433594], [348.31048583984375, 282.781005859375]]","[[0.41859091, 0.00530434, -77.28816353], [-0.00530434, 0.41859091, -25.50609886]]",0,insightface_scrfd_five_point,aligned,,True,640,480,0.45241597732843136,74.25719390864903,-0.0053569357842206955,processed/fei_full/aligned/fei_0002_13.png,8e37791eef0ae6a3818ddbeddf04baf28cb3fc4407a953a49788a66a7c12963f,34da13374d4b131f2890f8c98248e1c9ce5d5c1aaf4a8751c718a0bd6f302f84,buffalo_l,5838f7fe053675b1c7a08b633df49e7af5495cee0493c7dcf6697200b85b5b91,7fadd420c2351d0ffa8cac403421c1a3ed733365,"[""CUDAExecutionProvider"", ""CPUExecutionProvider""]"
fei_0002_14,fei_0002,2,14,frontal_low_light,derived_visual_protocol_v1,query,processed/fei_full/source/2-14.jpg,cac5e8b37cc993bcd9f7d467ba1b41c9a74d90e2836fefb6f3e1bee63f1ebb5c,originalimages_part1.zip,https://fei.edu.br/~cet/originalimages_part1.zip,FEI-research-only,dev,True,True,1,0,0.8829411268234253,"[225.9644012451172, 68.5093994140625, 410.8216857910156, 345.9273986816406]","[[275.42999267578125, 190.19009399414062], [361.55718994140625, 189.63780212402344], [317.54180908203125, 250.86070251464844], [283.2395935058594, 286.5216979980469], [349.45849609375, 286.5054016113281]]","[[0.41725186, 0.00734784, -78.19746876], [-0.00734784, 0.41725186, -26.21721505]]",0,insightface_scrfd_five_point,aligned,,True,640,480,0.22440215226715687,28.011315097003518,-0.011052080430090427,processed/fei_full/aligned/fei_0002_14.png,48bd238600af3e53c4d5c3b0f3d040799f2f05971b925f2956c472ce7609eb96,34da13374d4b131f2890f8c98248e1c9ce5d5c1aaf4a8751c718a0bd6f302f84,buffalo_l,5838f7fe053675b1c7a08b633df49e7af5495cee0493c7dcf6697200b85b5b91,7fadd420c2351d0ffa8cac403421c1a3ed733365,"[""CUDAExecutionProvider"", ""CPUExecutionProvider""]"
fei_0003_01,fei_0003,3,1,left_profile_extreme,derived_visual_protocol_v1,query,processed/fei_full/source/3-01.jpg,cb99329604c7c4321e94979bad52741bd60e32022b4245c5ad9cee79702a74be,originalimages_part1.zip,https://fei.edu.br/~cet/originalimages_part1.zip,FEI-research-only,dev,True,True,1,0,0.8652058839797974,"[162.14590454101562, 109.54350280761719, 357.97149658203125, 418.0685119628906]","[[183.9582977294922, 235.21710205078125], [233.90310668945312, 241.3791046142578], [160.42559814453125, 290.72088623046875], [182.75889587402344, 347.322998046875], [220.40939331054688, 350.79119873046875]]","[[0.3727736, 0.0303874, -26.05209239], [-0.0303874, 0.3727736, -31.38927062]]",0,insightface_scrfd_five_point,aligned,,True,640,480,0.5455340073529411,22.604862423695455,-0.9638665318489075,processed/fei_full/aligned/fei_0003_01.png,db6dcc442e0d7dde64ec807d6afcc725621cfb67f020165c488e8dddcef0bb09,34da13374d4b131f2890f8c98248e1c9ce5d5c1aaf4a8751c718a0bd6f302f84,buffalo_l,5838f7fe053675b1c7a08b633df49e7af5495cee0493c7dcf6697200b85b5b91,7fadd420c2351d0ffa8cac403421c1a3ed733365,"[""CUDAExecutionProvider"", ""CPUExecutionProvider""]"
fei_0003_02,fei_0003,3,2,left_profile,derived_visual_protocol_v1,reference,processed/fei_full/source/3-02.jpg,9237844ce6e137dd9f59f2bf023af98ad040c17cf2e019d16b1590d0c45e6e6d,originalimages_part1.zip,https://fei.edu.br/~cet/originalimages_part1.zip,FEI-research-only,dev,True,True,1,0,0.8844051957130432,"[192.21180725097656, 113.09490203857422, 400.34600830078125, 413.74700927734375]","[[211.98599243164062, 233.9022979736328], [286.351806640625, 236.2967987060547], [207.802001953125, 285.3966979980469], [211.2158966064453, 343.5404052734375], [270.38690185546875, 345.60198974609375]]","[[0.37442025, 0.0250564, -40.15680092], [-0.0250564, 0.37442025, -30.33496572]]",0,insightface_scrfd_five_point,aligned,,True,640,480,0.5258069597630719,36.326545867655014,-0.5559738278388977,processed/fei_full/aligned/fei_0003_02.png,286e025d4cc5361a63037e8532e3e3a9e5969bf59c164cd4ed608f90e07ad908,34da13374d4b131f2890f8c98248e1c9ce5d5c1aaf4a8751c718a0bd6f302f84,buffalo_l,5838f7fe053675b1c7a08b633df49e7af5495cee0493c7dcf6697200b85b5b91,7fadd420c2351d0ffa8cac403421c1a3ed733365,"[""CUDAExecutionProvider"", ""CPUExecutionProvider""]"
fei_0003_03,fei_0003,3,3,left_three_quarter,derived_visual_protocol_v1,query,processed/fei_full/source/3-03.jpg,8d7fdfc6f8e8ee49594a4f69a4b57ed7d088bc85809f7a004eaa8b1c0a24f40c,originalimages_part1.zip,https://fei.edu.br/~cet/originalimages_part1.zip,FEI-research-only,dev,True,True,1,0,0.8711981177330017,"[195.82839965820312, 116.48169708251953, 407.64208984375, 417.6340026855469]","[[219.9951934814453, 240.33419799804688], [301.6925964355469, 240.9530029296875], [229.17840576171875, 293.80780029296875], [224.63699340820312, 348.36358642578125], [290.1636962890625, 349.51629638671875]]","[[0.379025, 0.01118413, -43.21250701], [-0.01118413, 0.379025, -36.92702705]]",0,insightface_scrfd_five_point,aligned,,True,640,480,0.5279685585171568,33.852751185088685,-0.3875833749771118,processed/fei_full/aligned/fei_0003_03.png,fa476cb1a0618ed63a7ba3d5ec2506ac2779568eea4c3c4d3df78c1829cd5d07,34da13374d4b131f2890f8c98248e1c9ce5d5c1aaf4a8751c718a0bd6f302f84,buffalo_l,5838f7fe053675b1c7a08b633df49e7af5495cee0493c7dcf6697200b85b5b91,7fadd420c2351d0ffa8cac403421c1a3ed733365,"[""CUDAExecutionProvider"", ""CPUExecutionProvider""]"
fei_0003_04,fei_0003,3,4,left_slight,derived_visual_protocol_v1,reference,processed/fei_full/source/3-04.jpg,37ac91a3491f0d9215b9858c52b8470cef9b890fb316a87707dae422957659ef,originalimages_part1.zip,https://fei.edu.br/~cet/originalimages_part1.zip,FEI-research-only,dev,True,True,1,0,0.8731400966644287,"[198.5727996826172, 108.53399658203125, 412.8965148925781, 414.5002136230469]","[[223.78680419921875, 235.6999969482422], [308.343505859375, 235.70730590820312], [235.7489013671875, 289.3009948730469], [228.83360290527344, 344.1069030761719], [297.1289978027344, 344.97698974609375]]","[[0.37522762, 0.00933269, -43.77697066], [-0.00933269, 0.37522762, -34.48462786]]",0,insightface_scrfd_five_point,aligned,,True,640,480,0.5190959712009804,30.23818584488763,-0.35853126645088196,processed/fei_full/aligned/fei_0003_04.png,e42ab95c1c503c20cc39450a77d64f959b9678c4aa1143941d33c0176bbb1266,34da13374d4b131f2890f8c98248e1c9ce5d5c1aaf4a8751c718a0bd6f302f84,buffalo_l,5838f7fe053675b1c7a08b633df49e7af5495cee0493c7dcf6697200b85b5b91,7fadd420c2351d0ffa8cac403421c1a3ed733365,"[""CUDAExecutionProvider"", ""CPUExecutionProvider""]"
fei_0003_05,fei_0003,3,5,near_frontal_left,derived_visual_protocol_v1,reference,processed/fei_full/source/3-05.jpg,c9be0fabddddeaf00543f0b92588dfe6422e8e215cf5e59c4d2a92d784e90f6b,originalimages_part1.zip,https://fei.edu.br/~cet/originalimages_part1.zip,FEI-research-only,dev,True,True,1,0,0.9054977297782898,"[211.25149536132812, 109.48190307617188, 428.16900634765625, 416.2265930175781]","[[254.82220458984375, 238.00869750976562], [353.6900939941406, 235.152099609375], [296.4559020996094, 293.6741027832031], [265.97479248046875, 344.1321105957031], [349.1011047363281, 342.20989990234375]]","[[0.36822, -0.00873458, -53.37739793], [0.00873458, 0.36822, -37.77237942]]",0,insightface_scrfd_five_point,aligned,,True,640,480,0.5219281045751634,36.46454588148329,-0.07886259257793427,processed/fei_full/aligned/fei_0003_05.png,c9bff84e0e80f789a25583db6c79611f037ce0e6ab6d41abc6fa691afe4d49a6,34da13374d4b131f2890f8c98248e1c9ce5d5c1aaf4a8751c718a0bd6f302f84,buffalo_l,5838f7fe053675b1c7a08b633df49e7af5495cee0493c7dcf6697200b85b5b91,7fadd420c2351d0ffa8cac403421c1a3ed733365,"[""CUDAExecutionProvider"", ""CPUExecutionProvider""]"
fei_0003_06,fei_0003,3,6,near_frontal_right,derived_visual_protocol_v1,reference,processed/fei_full/source/3-06.jpg,6033f47f074a13833b16f546f3b36955d44eae68b52e5106071e92c6b4a0faf6,originalimages_part1.zip,https://fei.edu.br/~cet/originalimages_part1.zip,FEI-research-only,dev,True,True,1,0,0.8802577257156372,"[223.4842071533203, 111.65440368652344, 440.55389404296875, 415.6481018066406]","[[296.3976135253906, 237.94679260253906], [395.4501037597656, 236.61419677734375], [358.1752014160156, 290.73541259765625], [310.2703857421875, 346.5846862792969], [390.2085876464844, 344.6247863769531]]","[[0.3671406, -0.00929737, -69.80157504], [0.00929737, 0.3671406, -38.30272263]]",0,insightface_scrfd_five_point,aligned,,True,640,480,0.5190141569648692,31.22513674922519,0.12367424368858337,processed/fei_full/aligned/fei_0003_06.png,f46e21994a6402338af5a8bd8b1f354d9439b4ed26be75aa5b29c70a825b3836,34da13374d4b131f2890f8c98248e1c9ce5d5c1aaf4a8751c718a0bd6f302f84,buffalo_l,5838f7fe053675b1c7a08b633df49e7af5495cee0493c7dcf6697200b85b5b91,7fadd420c2351d0ffa8cac403421c1a3ed733365,"[""CUDAExecutionProvider"", ""CPUExecutionProvider""]"
fei_0003_07,fei_0003,3,7,right_slight,derived_visual_protocol_v1,reference,processed/fei_full/source/3-07.jpg,6513d5b00029c7b761de39a865ceb8bdf83cec118de487aee934470b00b23fbd,originalimages_part1.zip,https://fei.edu.br/~cet/originalimages_part1.zip,FEI-research-only,dev,True,True,1,0,0.8778907656669617,"[217.67759704589844, 91.39189910888672, 437.7793884277344, 397.08819580078125]","[[306.10150146484375, 223.05430603027344], [403.9046936035156, 218.48959350585938], [379.6422119140625, 274.3590087890625], [324.4245910644531, 331.8424072265625], [404.5589904785156, 326.2402038574219]]","[[0.36232971, -0.02503591, -68.8829284], [0.02503591, 0.36232971, -36.77260397]]",0,insightface_scrfd_five_point,aligned,,True,640,480,0.5104785283905229,31.0567642906083,0.2516515254974365,processed/fei_full/aligned/fei_0003_07.png,bec65503d136a77d7cbeea81479e1a47da315ed7c28fa2994e54ba1c12bda6ab,34da13374d4b131f2890f8c98248e1c9ce5d5c1aaf4a8751c718a0bd6f302f84,buffalo_l,5838f7fe053675b1c7a08b633df49e7af5495cee0493c7dcf6697200b85b5b91,7fadd420c2351d0ffa8cac403421c1a3ed733365,"[""CUDAExecutionProvider"", ""CPUExecutionProvider""]"
fei_0003_08,fei_0003,3,8,right_three_quarter_expression,derived_visual_protocol_v1,query,processed/fei_full/source/3-08.jpg,df09f44bcf51f0a505066e44309d3fac920f10b912a51a5fcaaf877ff9dddeb2,originalimages_part1.zip,https://fei.edu.br/~cet/originalimages_part1.zip,FEI-research-only,dev,True,True,1,0,0.8649771213531494,"[228.47000122070312, 91.84210205078125, 449.82000732421875, 398.6473083496094]","[[324.51019287109375, 223.92340087890625], [419.1296081542969, 220.03900146484375], [400.06109619140625, 275.6535949707031], [342.01239013671875, 333.1585998535156], [419.24169921875, 328.3045959472656]]","[[0.36403119, -0.02286623, -76.35044235], [0.02286623, 0.36403119, -37.36223306]]",0,insightface_scrfd_five_point,aligned,,True,640,480,0.5213838337418301,34.795750703769265,0.2982204258441925,processed/fei_full/aligned/fei_0003_08.png,e8a09a5fe92fe6f0a8c878ce7759cecce7880692794faa10f97ed268b20fa85f,34da13374d4b131f2890f8c98248e1c9ce5d5c1aaf4a8751c718a0bd6f302f84,buffalo_l,5838f7fe053675b1c7a08b633df49e7af5495cee0493c7dcf6697200b85b5b91,7fadd420c2351d0ffa8cac403421c1a3ed733365,"[""CUDAExecutionProvider"", ""CPUExecutionProvider""]"
fei_0003_09,fei_0003,3,9,right_profile,derived_visual_protocol_v1,reference,processed/fei_full/source/3-09.jpg,6483660cc5fa88b1ae76fa4092b7116bfd81b9417cae6a4a55ddb09eac201acd,originalimages_part1.zip,https://fei.edu.br/~cet/originalimages_part1.zip,FEI-research-only,dev,True,True,1,0,0.8761329054832458,"[242.85519409179688, 97.53720092773438, 464.3456115722656, 404.5080871582031]","[[352.05169677734375, 228.97959899902344], [437.94879150390625, 223.00100708007812], [432.8555908203125, 279.12799072265625], [373.1724853515625, 339.1658020019531], [440.8576965332031, 333.3387145996094]]","[[0.36542796, -0.03320023, -83.52081055], [0.03320023, 0.36542796, -44.20813485]]",0,insightface_scrfd_five_point,aligned,,True,640,480,0.5218018790849673,30.090071645058526,0.4396418035030365,processed/fei_full/aligned/fei_0003_09.png,b1c9c9d93350cc49e086c2d793ddbc67acc353e4f9d4bc1579968929395ced6b,34da13374d4b131f2890f8c98248e1c9ce5d5c1aaf4a8751c718a0bd6f302f84,buffalo_l,5838f7fe053675b1c7a08b633df49e7af5495cee0493c7dcf6697200b85b5b91,7fadd420c2351d0ffa8cac403421c1a3ed733365,"[""CUDAExecutionProvider"", ""CPUExecutionProvider""]"
fei_0003_10,fei_0003,3,10,right_profile_extreme,derived_visual_protocol_v1,query,processed/fei_full/source/3-10.jpg,972e2c7db98c25d2318c5b4322451095d8165d034bab069114933a985622abca,originalimages_part1.zip,https://fei.edu.br/~cet/originalimages_part1.zip,FEI-research-only,dev,True,True,1,0,0.8675273060798645,"[278.1665954589844, 114.71179962158203, 480.918212890625, 411.74798583984375]","[[402.0527038574219, 239.4051971435547], [460.6813049316406, 232.122802734375], [479.1571044921875, 287.90899658203125], [416.59991455078125, 346.7452087402344], [461.9032897949219, 341.6167907714844]]","[[0.37839354, -0.02990922, -103.34990186], [0.02990922, 0.37839354, -50.94883449]]",0,insightface_scrfd_five_point,aligned,,True,640,480,0.5191429483251634,34.98141846592161,0.8089168071746826,processed/fei_full/aligned/fei_0003_10.png,7988a6afb03189304bdc2d7701508f6ab28bd0c3b7cf62926be04b1da3154d03,34da13374d4b131f2890f8c98248e1c9ce5d5c1aaf4a8751c718a0bd6f302f84,buffalo_l,5838f7fe053675b1c7a08b633df49e7af5495cee0493c7dcf6697200b85b5b91,7fadd420c2351d0ffa8cac403421c1a3ed733365,"[""CUDAExecutionProvider"", ""CPUExecutionProvider""]"
fei_0003_11,fei_0003,3,11,frontal_neutral,derived_visual_protocol_v1,reference,processed/fei_full/source/3-11.jpg,aabaa47555c8dce7f6924be3c3ebc44d1b8b0e7477f1630bf083eb8712e72f3c,originalimages_part1.zip,https://fei.edu.br/~cet/originalimages_part1.zip,FEI-research-only,dev,True,True,1,0,0.8719295263290405,"[222.6114044189453, 87.73799896240234, 441.21710205078125, 384.15478515625]","[[282.4501953125, 210.72079467773438], [382.16009521484375, 207.19180297851562], [335.54669189453125, 259.02978515625], [294.5802917480469, 314.4284973144531], [378.22760009765625, 311.4092102050781]]","[[0.37333435, -0.01205592, -65.74765173], [0.01205592, 0.37333435, -29.40756561]]",0,insightface_scrfd_five_point,aligned,,True,640,480,0.5201121323529412,34.27120022327635,0.03248976171016693,processed/fei_full/aligned/fei_0003_11.png,39daf92a3442326e8adb0ccd9bb6cc253605d15b3fabfe40d409bbdc389b2ec2,34da13374d4b131f2890f8c98248e1c9ce5d5c1aaf4a8751c718a0bd6f302f84,buffalo_l,5838f7fe053675b1c7a08b633df49e7af5495cee0493c7dcf6697200b85b5b91,7fadd420c2351d0ffa8cac403421c1a3ed733365,"[""CUDAExecutionProvider"", ""CPUExecutionProvider""]"
fei_0003_12,fei_0003,3,12,frontal_smile,derived_visual_protocol_v1,query,processed/fei_full/source/3-12.jpg,7731e58cfa9037061c29df234b43c2d427750763fa1e4f113f6a9770c5f484ed,originalimages_part1.zip,https://fei.edu.br/~cet/originalimages_part1.zip,FEI-research-only,dev,True,True,1,0,0.9010814428329468,"[219.11599731445312, 94.31670379638672, 437.4661865234375, 398.64349365234375]","[[277.6990051269531, 223.27920532226562], [378.2640075683594, 218.30259704589844], [331.70819091796875, 272.4996032714844], [286.82989501953125, 320.3583984375], [380.89849853515625, 315.599609375]]","[[0.37382753, -0.01879297, -62.66636869], [0.01879297, 0.37382753, -35.25757198]]",0,insightface_scrfd_five_point,aligned,,True,640,480,0.5204121221405229,37.064619546667736,0.037012480199337006,processed/fei_full/aligned/fei_0003_12.png,8553888c18556e4a115a3422c0d000fca4153d00a6b20121199ba035692069e9,34da13374d4b131f2890f8c98248e1c9ce5d5c1aaf4a8751c718a0bd6f302f84,buffalo_l,5838f7fe053675b1c7a08b633df49e7af5495cee0493c7dcf6697200b85b5b91,7fadd420c2351d0ffa8cac403421c1a3ed733365,"[""CUDAExecutionProvider"", ""CPUExecutionProvider""]"
fei_0003_13,fei_0003,3,13,frontal_scale,derived_visual_protocol_v1,reference,processed/fei_full/source/3-13.jpg,5ee3ffa109ea73b880361c26687db5cffa205dd6531163bf63b53a54c4917986,originalimages_part1.zip,https://fei.edu.br/~cet/originalimages_part1.zip,FEI-research-only,dev,True,True,1,0,0.8999115228652954,"[219.60780334472656, 92.08260345458984, 441.6773986816406, 400.6170959472656]","[[279.74359130859375, 226.36289978027344], [380.0133056640625, 221.4821014404297], [332.70379638671875, 273.4584045410156], [290.279296875, 325.9634094238281], [379.4801940917969, 321.5845947265625]]","[[0.37496008, -0.01649274, -64.1118574], [0.01649274, 0.37496008, -36.23507763]]",0,insightface_scrfd_five_point,aligned,,True,640,480,0.4410936989379085,33.68462695438597,0.028143566101789474,processed/fei_full/aligned/fei_0003_13.png,8ed4c743c0370143893ce40c767bf87c116b97d5f1993e950b13e9886599a342,34da13374d4b131f2890f8c98248e1c9ce5d5c1aaf4a8751c718a0bd6f302f84,buffalo_l,5838f7fe053675b1c7a08b633df49e7af5495cee0493c7dcf6697200b85b5b91,7fadd420c2351d0ffa8cac403421c1a3ed733365,"[""CUDAExecutionProvider"", ""CPUExecutionProvider""]"
fei_0003_14,fei_0003,3,14,frontal_low_light,derived_visual_protocol_v1,query,processed/fei_full/source/3-14.jpg,cb93bac313cf46cce0d17fb53af0e6f00eb0f9ba8c46d7f2acc61c1c984f7bb7,originalimages_part1.zip,https://fei.edu.br/~cet/originalimages_part1.zip,FEI-research-only,dev,True,True,1,0,0.8981194496154785,"[222.2322998046875, 93.54850006103516, 440.7807922363281, 401.5848083496094]","[[281.75140380859375, 226.8802032470703], [380.62249755859375, 222.08909606933594], [333.8033142089844, 274.9115905761719], [292.422607421875, 328.6333923339844], [377.0429992675781, 324.6333923339844]]","[[0.37677231, -0.01306076, -65.89013868], [0.01306076, 0.37677231, -36.2243548]]",0,insightface_scrfd_five_point,aligned,,True,640,480,0.22743430861928104,20.34529072655572,0.026431357488036156,processed/fei_full/aligned/fei_0003_14.png,1ee107bcd6ad563d18580bc9c26cdca12dc0b3b3e1358b39b2e721ec181eb99c,34da13374d4b131f2890f8c98248e1c9ce5d5c1aaf4a8751c718a0bd6f302f84,buffalo_l,5838f7fe053675b1c7a08b633df49e7af5495cee0493c7dcf6697200b85b5b91,7fadd420c2351d0ffa8cac403421c1a3ed733365,"[""CUDAExecutionProvider"", ""CPUExecutionProvider""]"
fei_0004_01,fei_0004,4,1,left_profile_extreme,derived_visual_protocol_v1,query,processed/fei_full/source/4-01.jpg,5deff4e3403534d7cde992b83dc542088b9dafe1bf18557cb75fffbc67f14d9d,originalimages_part1.zip,https://fei.edu.br/~cet/originalimages_part1.zip,FEI-research-only,train,True,True,1,0,0.8325085639953613,"[179.09519958496094, 53.074501037597656, 366.7774963378906, 348.1979064941406]","[[201.44419860839844, 176.38009643554688], [242.85159301757812, 177.61019897460938], [176.74620056152344, 225.00880432128906], [206.30990600585938, 277.4602966308594], [241.2313995361328, 276.910888671875]]","[[0.40210255, -0.00230056, -29.38836957], [0.00230056, 0.40210255, -19.73709844]]",0,insightface_scrfd_five_point,aligned,,True,640,480,0.5284529335171568,82.09555270486408,-1.095982551574707,processed/fei_full/aligned/fei_0004_01.png,27d7ff9301363e862e672c1eb62ac0af120bfec81f66bcfcbaac04d35a3d05ec,34da13374d4b131f2890f8c98248e1c9ce5d5c1aaf4a8751c718a0bd6f302f84,buffalo_l,5838f7fe053675b1c7a08b633df49e7af5495cee0493c7dcf6697200b85b5b91,7fadd420c2351d0ffa8cac403421c1a3ed733365,"[""CUDAExecutionProvider"", ""CPUExecutionProvider""]"
fei_0004_02,fei_0004,4,2,left_profile,derived_visual_protocol_v1,reference,processed/fei_full/source/4-02.jpg,ac53d3e56d665a837576c5c4d6945fa49c5e687fbf90199c00c8b26bea284943,originalimages_part1.zip,https://fei.edu.br/~cet/originalimages_part1.zip,FEI-research-only,train,True,True,1,0,0.8319333791732788,"[218.908203125, 62.441001892089844, 412.4786071777344, 354.8656005859375]","[[234.57420349121094, 186.231201171875], [299.0992126464844, 184.3896942138672], [228.89410400390625, 236.13839721679688], [242.56329345703125, 290.37139892578125], [293.45361328125, 288.4396057128906]]","[[0.39694562, -0.00523612, -45.82575013], [0.00523612, 0.39694562, -23.58051535]]",0,insightface_scrfd_five_point,aligned,,True,640,480,0.5309974851919934,62.34218084564209,-0.5877890586853027,processed/fei_full/aligned/fei_0004_02.png,8fe3649a267306108f550a7b11d435454a56fbc6901df837035a584863633277,34da13374d4b131f2890f8c98248e1c9ce5d5c1aaf4a8751c718a0bd6f302f84,buffalo_l,5838f7fe053675b1c7a08b633df49e7af5495cee0493c7dcf6697200b85b5b91,7fadd420c2351d0ffa8cac403421c1a3ed733365,"[""CUDAExecutionProvider"", ""CPUExecutionProvider""]"
fei_0004_03,fei_0004,4,3,left_three_quarter,derived_visual_protocol_v1,query,processed/fei_full/source/4-03.jpg,478b82cf0266de2552fe9700cebb9da9141df01c91235f9d871386af56065e31,originalimages_part1.zip,https://fei.edu.br/~cet/originalimages_part1.zip,FEI-research-only,train,True,True,1,0,0.8214651346206665,"[206.53160095214844, 62.66299819946289, 406.410400390625, 357.7413024902344]","[[225.76100158691406, 192.81570434570312], [299.54058837890625, 189.0438995361328], [231.16110229492188, 242.17779541015625], [237.4073944091797, 295.9851989746094], [294.8501892089844, 292.5180969238281]]","[[0.39755786, -0.01433882, -42.96473287], [0.01433882, 0.39755786, -28.20597961]]",0,insightface_scrfd_five_point,aligned,,True,640,480,0.525410564746732,72.79716877030268,-0.4262503683567047,processed/fei_full/aligned/fei_0004_03.png,cb2bad53f9f2999b8b77235e8567ee61fefb1f3f44dade724ca847b3473a7e33,34da13374d4b131f2890f8c98248e1c9ce5d5c1aaf4a8751c718a0bd6f302f84,buffalo_l,5838f7fe053675b1c7a08b633df49e7af5495cee0493c7dcf6697200b85b5b91,7fadd420c2351d0ffa8cac403421c1a3ed733365,"[""CUDAExecutionProvider"", ""CPUExecutionProvider""]"
fei_0004_04,fei_0004,4,4,left_slight,derived_visual_protocol_v1,reference,processed/fei_full/source/4-04.jpg,0d37acfea04474aa66239a6400438b42348b79939e42ca3223330da732450d83,originalimages_part1.zip,https://fei.edu.br/~cet/originalimages_part1.zip,FEI-research-only,train,True,True,1,0,0.8452918529510498,"[202.31689453125, 58.050899505615234, 401.8424987792969, 359.3016052246094]","[[226.37240600585938, 190.18739318847656], [306.4324035644531, 185.60159301757812], [243.54139709472656, 239.1179962158203], [238.1800994873047, 287.689208984375], [307.8876953125, 283.944091796875]]","[[0.40497563, -0.02361248, -45.47950235], [0.02361248, 0.40497563, -30.44828417]]",0,insightface_scrfd_five_point,aligned,,True,640,480,0.5240798994076797,68.74077652164036,-0.28508052229881287,processed/fei_full/aligned/fei_0004_04.png,13904517ce54f7c91ade1a45da1378ef0ab88b0c1a3dbd40755d8deca990c5b6,34da13374d4b131f2890f8c98248e1c9ce5d5c1aaf4a8751c718a0bd6f302f84,buffalo_l,5838f7fe053675b1c7a08b633df49e7af5495cee0493c7dcf6697200b85b5b91,7fadd420c2351d0ffa8cac403421c1a3ed733365,"[""CUDAExecutionProvider"", ""CPUExecutionProvider""]"
fei_0004_05,fei_0004,4,5,near_frontal_left,derived_visual_protocol_v1,reference,processed/fei_full/source/4-05.jpg,f569797a36ba7e292f9518e561d59468a3fc461125985052403e4adcdb83d37c,originalimages_part1.zip,https://fei.edu.br/~cet/originalimages_part1.zip,FEI-research-only,train,True,True,1,0,0.895030677318573,"[229.60040283203125, 62.415401458740234, 430.04278564453125, 363.12860107421875]","[[271.0721130371094, 189.7592010498047], [361.2119140625, 184.6092071533203], [310.2850036621094, 239.72459411621094], [283.50048828125, 290.07861328125], [359.1427917480469, 286.31719970703125]]","[[0.39474067, -0.01856629, -64.70280838], [0.01856629, 0.39474067, -27.97238669]]",0,insightface_scrfd_five_point,aligned,,True,640,480,0.5269481464460785,68.8566443576389,-0.06487166881561279,processed/fei_full/aligned/fei_0004_05.png,ac52cd9a75ac43811d4c290cab07313b653935869633d1fd1709f0331d847e8b,34da13374d4b131f2890f8c98248e1c9ce5d5c1aaf4a8751c718a0bd6f302f84,buffalo_l,5838f7fe053675b1c7a08b633df49e7af5495cee0493c7dcf6697200b85b5b91,7fadd420c2351d0ffa8cac403421c1a3ed733365,"[""CUDAExecutionProvider"", ""CPUExecutionProvider""]"
fei_0004_06,fei_0004,4,6,near_frontal_right,derived_visual_protocol_v1,reference,processed/fei_full/source/4-06.jpg,7b13c141eef8398784f82bccee384ac3fccb57a0adb5b7dc955d63c26083cb33,originalimages_part1.zip,https://fei.edu.br/~cet/originalimages_part1.zip,FEI-research-only,train,True,True,1,0,0.8709048628807068,"[225.79820251464844, 57.620201110839844, 422.7242126464844, 356.1466064453125]","[[288.60369873046875, 179.92559814453125], [377.6184997558594, 176.6562042236328], [342.45001220703125, 230.55419921875], [300.6170959472656, 282.3825988769531], [374.2550964355469, 279.0863952636719]]","[[0.39514962, -0.0140767, -73.79052625], [0.0140767, 0.39514962, -23.61313475]]",0,insightface_scrfd_five_point,aligned,,True,640,480,0.5217189159517974,72.68753912394843,0.10484295338392258,processed/fei_full/aligned/fei_0004_06.png,8acd5903dc0384801bd8fc1ab58ce869a2eedfeb57d00f53173e71cf8ea2ae88,34da13374d4b131f2890f8c98248e1c9ce5d5c1aaf4a8751c718a0bd6f302f84,buffalo_l,5838f7fe053675b1c7a08b633df49e7af5495cee0493c7dcf6697200b85b5b91,7fadd420c2351d0ffa8cac403421c1a3ed733365,"[""CUDAExecutionProvider"", ""CPUExecutionProvider""]"
fei_0004_07,fei_0004,4,7,right_slight,derived_visual_protocol_v1,reference,processed/fei_full/source/4-07.jpg,09a967eaf44d685dc9f841c0716a1b6ef6b603331a3df9e6228359d2e45a3d86,originalimages_part1.zip,https://fei.edu.br/~cet/originalimages_part1.zip,FEI-research-only,train,True,True,1,0,0.86920565366745,"[247.36770629882812, 60.74480056762695, 442.5840148925781, 358.864013671875]","[[331.05828857421875, 188.87109375], [414.4507141113281, 183.9342041015625], [399.7467956542969, 234.73069763183594], [349.15771484375, 291.50518798828125], [416.1231994628906, 286.285400390625]]","[[0.39537514, -0.0313557, -87.61623904], [0.0313557, 0.39537514, -33.81019302]]",0,insightface_scrfd_five_point,aligned,,True,640,480,0.5246071793300654,69.33821499268214,0.3231128454208374,processed/fei_full/aligned/fei_0004_07.png,298d886211b7f877178b1c5e957d74a4c27596a44a47da9616827e4de0c81f2b,34da13374d4b131f2890f8c98248e1c9ce5d5c1aaf4a8751c718a0bd6f302f84,buffalo_l,5838f7fe053675b1c7a08b633df49e7af5495cee0493c7dcf6697200b85b5b91,7fadd420c2351d0ffa8cac403421c1a3ed733365,"[""CUDAExecutionProvider"", ""CPUExecutionProvider""]"
fei_0004_08,fei_0004,4,8,right_three_quarter_expression,derived_visual_protocol_v1,query,processed/fei_full/source/4-08.jpg,df136a803012e8ad15766313cfcf390d7173995f7f78b401957c77611aa8e507,originalimages_part1.zip,https://fei.edu.br/~cet/originalimages_part1.zip,FEI-research-only,train,True,True,1,0,0.8681276440620422,"[258.5177001953125, 59.851200103759766, 455.1955871582031, 360.5531005859375]","[[362.20599365234375, 187.9886932373047], [434.39300537109375, 190.5467987060547], [433.10528564453125, 234.03590393066406], [374.2897033691406, 290.5726013183594], [432.0763854980469, 292.2784118652344]]","[[0.40186954, -0.00567507, -106.26396707], [0.00567507, 0.40186954, -26.49096691]]",0,insightface_scrfd_five_point,aligned,,True,640,480,0.5231462418300653,72.04797612402173,0.4818584620952606,processed/fei_full/aligned/fei_0004_08.png,3c4601c89e35ef3f1240b20ea9ba8779c98e696ac7d7ed5e6c9393b113ce2e18,34da13374d4b131f2890f8c98248e1c9ce5d5c1aaf4a8751c718a0bd6f302f84,buffalo_l,5838f7fe053675b1c7a08b633df49e7af5495cee0493c7dcf6697200b85b5b91,7fadd420c2351d0ffa8cac403421c1a3ed733365,"[""CUDAExecutionProvider"", ""CPUExecutionProvider""]"
fei_0004_09,fei_0004,4,9,right_profile,derived_visual_protocol_v1,reference,processed/fei_full/source/4-09.jpg,02d0960accd26b3b41e0f4787eeff3a384b7ef6521868901313d9420a41def69,originalimages_part1.zip,https://fei.edu.br/~cet/originalimages_part1.zip,FEI-research-only,train,True,True,1,0,0.8503873944282532,"[266.0635986328125, 67.76260375976562, 459.3918151855469, 364.2669982910156]","[[379.4715881347656, 193.17759704589844], [442.7344055175781, 197.79600524902344], [448.83758544921875, 241.77760314941406], [385.1618957519531, 294.87310791015625], [435.627197265625, 298.9446105957031]]","[[0.40504657, 0.01416684, -116.90708248], [-0.01416684, 0.40504657, -21.53578833]]",0,insightface_scrfd_five_point,aligned,,True,640,480,0.5264572610294117,68.33532733116151,0.5948917269706726,processed/fei_full/aligned/fei_0004_09.png,878eef3986f13210d681629c5a201b066eeda585a4fbcadebecbd0368521335b,34da13374d4b131f2890f8c98248e1c9ce5d5c1aaf4a8751c718a0bd6f302f84,buffalo_l,5838f7fe053675b1c7a08b633df49e7af5495cee0493c7dcf6697200b85b5b91,7fadd420c2351d0ffa8cac403421c1a3ed733365,"[""CUDAExecutionProvider"", ""CPUExecutionProvider""]"
fei_0004_10,fei_0004,4,10,right_profile_extreme,derived_visual_protocol_v1,query,processed/fei_full/source/4-10.jpg,575e6563fff4a5c47d59ff544150955cdcab5dbea2065740c7618a766afb8714,originalimages_part1.zip,https://fei.edu.br/~cet/originalimages_part1.zip,FEI-research-only,train,True,True,1,0,0.7840616106987,"[304.4598083496094, 59.862098693847656, 487.7533874511719, 360.9549865722656]","[[432.025390625, 194.6403045654297], [463.6206970214844, 192.4066925048828], [489.1131896972656, 244.90939331054688], [429.8756103515625, 294.4606018066406], [454.98638916015625, 293.8846130371094]]","[[0.40054486, 0.01650578, -129.81926106], [-0.01650578, 0.40054486, -18.36396221]]",0,insightface_scrfd_five_point,aligned,,True,640,480,0.5257354473039216,74.27292462360595,1.303589940071106,processed/fei_full/aligned/fei_0004_10.png,49ceb368045cad0089b44a57d717da9563e76991c6fd71d2b4ddc82b3d512fda,34da13374d4b131f2890f8c98248e1c9ce5d5c1aaf4a8751c718a0bd6f302f84,buffalo_l,5838f7fe053675b1c7a08b633df49e7af5495cee0493c7dcf6697200b85b5b91,7fadd420c2351d0ffa8cac403421c1a3ed733365,"[""CUDAExecutionProvider"", ""CPUExecutionProvider""]"
fei_0004_11,fei_0004,4,11,frontal_neutral,derived_visual_protocol_v1,reference,processed/fei_full/source/4-11.jpg,2fa100fa4f1c38ccbcd6e723a23dc894508c713f2ba744b40e8527568fa7c0f1,originalimages_part1.zip,https://fei.edu.br/~cet/originalimages_part1.zip,FEI-research-only,train,True,True,1,0,0.8792082071304321,"[220.78819274902344, 59.14680099487305, 421.4837951660156, 356.51800537109375]","[[275.9877014160156, 182.81370544433594], [366.8836975097656, 178.49319458007812], [325.4403991699219, 230.40199279785156], [289.8190002441406, 283.881591796875], [364.51300048828125, 279.8935852050781]]","[[0.39558408, -0.0191314, -67.93103971], [0.0191314, 0.39558408, -25.72612626]]",0,insightface_scrfd_five_point,aligned,,True,640,480,0.5213519327001633,67.61735198567709,0.04400765523314476,processed/fei_full/aligned/fei_0004_11.png,7dd9c6450b78d41ea8f74c7340b7355c5a35bfc510e95bb3c46a3e0526180647,34da13374d4b131f2890f8c98248e1c9ce5d5c1aaf4a8751c718a0bd6f302f84,buffalo_l,5838f7fe053675b1c7a08b633df49e7af5495cee0493c7dcf6697200b85b5b91,7fadd420c2351d0ffa8cac403421c1a3ed733365,"[""CUDAExecutionProvider"", ""CPUExecutionProvider""]"
fei_0004_12,fei_0004,4,12,frontal_smile,derived_visual_protocol_v1,query,processed/fei_full/source/4-12.jpg,df7d00ea88cd10ac5b477bc70ccddea3edc4a38892bc8d93a3d55aca013b94e8,originalimages_part1.zip,https://fei.edu.br/~cet/originalimages_part1.zip,FEI-research-only,train,True,True,1,0,0.8855893611907959,"[218.970703125, 60.49399948120117, 419.57659912109375, 358.2309875488281]","[[273.05218505859375, 183.68099975585938], [364.6506042480469, 181.42799377441406], [320.6737976074219, 232.34559631347656], [280.8501892089844, 279.0884094238281], [362.49468994140625, 276.9458923339844]]","[[0.40160537, -0.00891734, -70.56861795], [0.00891734, 0.40160537, -23.60529477]]",0,insightface_scrfd_five_point,aligned,,True,640,480,0.5217961090686274,65.55478601985509,0.019890403375029564,processed/fei_full/aligned/fei_0004_12.png,c87483d95ff3ffb55ffce0e882c8bdf155076086a4e21253024436c765a64357,34da13374d4b131f2890f8c98248e1c9ce5d5c1aaf4a8751c718a0bd6f302f84,buffalo_l,5838f7fe053675b1c7a08b633df49e7af5495cee0493c7dcf6697200b85b5b91,7fadd420c2351d0ffa8cac403421c1a3ed733365,"[""CUDAExecutionProvider"", ""CPUExecutionProvider""]"
fei_0004_13,fei_0004,4,13,frontal_scale,derived_visual_protocol_v1,reference,processed/fei_full/source/4-13.jpg,a82ebe5e86a81903f7395f22d22f55fb18ba4f44708cf5aee3821b3d407e6c9f,originalimages_part1.zip,https://fei.edu.br/~cet/originalimages_part1.zip,FEI-research-only,train,True,True,1,0,0.8801840543746948,"[218.18699645996094, 60.00590133666992, 419.39959716796875, 355.4939880371094]","[[271.0954895019531, 186.077392578125], [363.9336853027344, 182.05540466308594], [319.8310852050781, 230.65750122070312], [282.8149108886719, 283.89208984375], [361.8587951660156, 280.2578125]]","[[0.39683914, -0.01653716, -67.07903294], [0.01653716, 0.39683914, -25.68961362]]",0,insightface_scrfd_five_point,aligned,,True,640,480,0.4579235089869281,49.68776549068027,0.02492859959602356,processed/fei_full/aligned/fei_0004_13.png,58fbeb2568a7f87cdffc78579daa128f28740e62fb04ca5e6e40bfc218242744,34da13374d4b131f2890f8c98248e1c9ce5d5c1aaf4a8751c718a0bd6f302f84,buffalo_l,5838f7fe053675b1c7a08b633df49e7af5495cee0493c7dcf6697200b85b5b91,7fadd420c2351d0ffa8cac403421c1a3ed733365,"[""CUDAExecutionProvider"", ""CPUExecutionProvider""]"
fei_0004_14,fei_0004,4,14,frontal_low_light,derived_visual_protocol_v1,query,processed/fei_full/source/4-14.jpg,b3cf9e25c0872747182e7a87b1c4ebf84bfb6abbef41abd5e383dfef829ce246,originalimages_part1.zip,https://fei.edu.br/~cet/originalimages_part1.zip,FEI-research-only,train,True,True,1,0,0.8867586255073547,"[223.54379272460938, 56.14550018310547, 421.9176025390625, 346.8883972167969]","[[276.043701171875, 182.91220092773438], [367.7265930175781, 178.73899841308594], [324.589111328125, 234.11770629882812], [289.3622131347656, 281.923095703125], [362.7041931152344, 278.4118957519531]]","[[0.4003939, -0.01523915, -70.21194591], [0.01523915, 0.4003939, -25.61739432]]",0,insightface_scrfd_five_point,aligned,,True,640,480,0.22231654667075165,26.73559164300495,0.029461892321705818,processed/fei_full/aligned/fei_0004_14.png,5b83c807d07785021a4c1632ca7bce2f2ee4a6d2b870fe81912dd4f7d1d84865,34da13374d4b131f2890f8c98248e1c9ce5d5c1aaf4a8751c718a0bd6f302f84,buffalo_l,5838f7fe053675b1c7a08b633df49e7af5495cee0493c7dcf6697200b85b5b91,7fadd420c2351d0ffa8cac403421c1a3ed733365,"[""CUDAExecutionProvider"", ""CPUExecutionProvider""]"
fei_0005_01,fei_0005,5,1,left_profile_extreme,derived_visual_protocol_v1,query,processed/fei_full/source/5-01.jpg,60435a95676534e1a57a5353f32584ce2d8f5eff33105999cd1aef35e408882c,originalimages_part1.zip,https://fei.edu.br/~cet/originalimages_part1.zip,FEI-research-only,internal_eval,True,True,1,0,0.7964393496513367,"[132.6737060546875, 84.07109832763672, 357.0692138671875, 402.4501037597656]","[[159.61749267578125, 215.64239501953125], [201.76910400390625, 218.41529846191406], [131.11000061035156, 277.1539001464844], [171.7252960205078, 329.6189880371094], [203.66200256347656, 330.3761901855469]]","[[0.35231546, -0.0122204, -1.77628392], [0.0122204, 0.35231546, -26.83987156]]",0,insightface_scrfd_five_point,aligned,,True,640,480,0.519493834252451,95.10238947676552,-1.1737726926803589,processed/fei_full/aligned/fei_0005_01.png,d58cbebcb233308df1877c84d26c15c757a0728ba7b5be34cbf8bdc584031ea1,34da13374d4b131f2890f8c98248e1c9ce5d5c1aaf4a8751c718a0bd6f302f84,buffalo_l,5838f7fe053675b1c7a08b633df49e7af5495cee0493c7dcf6697200b85b5b91,7fadd420c2351d0ffa8cac403421c1a3ed733365,"[""CUDAExecutionProvider"", ""CPUExecutionProvider""]"
fei_0005_02,fei_0005,5,2,left_profile,derived_visual_protocol_v1,reference,processed/fei_full/source/5-02.jpg,4fce876bcfb337392c10d78f06a6cd70ccbde4651989f235c918215e6f29ec08,originalimages_part1.zip,https://fei.edu.br/~cet/originalimages_part1.zip,FEI-research-only,internal_eval,True,True,1,0,0.819353461265564,"[188.78269958496094, 85.20709991455078, 418.3080139160156, 394.5564880371094]","[[206.4031982421875, 209.44129943847656], [278.7439880371094, 206.87660217285156], [196.97760009765625, 268.9336853027344], [217.7458038330078, 324.9179992675781], [274.46710205078125, 322.48480224609375]]","[[0.350791, -0.01002368, -23.69164347], [0.01002368, 0.350791, -23.95009283]]",0,insightface_scrfd_five_point,aligned,,True,640,480,0.5202436938316993,43.35508476629257,-0.6298976540565491,processed/fei_full/aligned/fei_0005_02.png,188a851ea6ee8658ed5786d8e5a4194462497413ca627a04a3e583bc992bba9a,34da13374d4b131f2890f8c98248e1c9ce5d5c1aaf4a8751c718a0bd6f302f84,buffalo_l,5838f7fe053675b1c7a08b633df49e7af5495cee0493c7dcf6697200b85b5b91,7fadd420c2351d0ffa8cac403421c1a3ed733365,"[""CUDAExecutionProvider"", ""CPUExecutionProvider""]"
fei_0005_03,fei_0005,5,3,left_three_quarter,derived_visual_protocol_v1,query,processed/fei_full/source/5-03.jpg,a6b9108faf096f6c0859439e86236a62ac3abac4aab16841049b5522becc0d33,originalimages_part1.zip,https://fei.edu.br/~cet/originalimages_part1.zip,FEI-research-only,internal_eval,True,True,1,0,0.8714571595191956,"[203.13279724121094, 95.64420318603516, 433.7980041503906, 403.6317138671875]","[[223.1696014404297, 219.91090393066406], [310.16558837890625, 215.77310180664062], [231.43519592285156, 276.7513122558594], [235.12840270996094, 333.6885986328125], [306.4285888671875, 330.4906921386719]]","[[0.35191285, -0.0123193, -32.5247288], [0.0123193, 0.35191285, -28.20750814]]",0,insightface_scrfd_five_point,aligned,,True,640,480,0.5282816074346406,74.05489336411158,-0.40453049540519714,processed/fei_full/aligned/fei_0005_03.png,d84a35f23520f46a62b6c6b9bdf1f3ece2b0a4670cfc36a46aeea714f7e49505,34da13374d4b131f2890f8c98248e1c9ce5d5c1aaf4a8751c718a0bd6f302f84,buffalo_l,5838f7fe053675b1c7a08b633df49e7af5495cee0493c7dcf6697200b85b5b91,7fadd420c2351d0ffa8cac403421c1a3ed733365,"[""CUDAExecutionProvider"", ""CPUExecutionProvider""]"
fei_0005_04,fei_0005,5,4,left_slight,derived_visual_protocol_v1,reference,processed/fei_full/source/5-04.jpg,669e496da4a6ffbe5f2fb2a67cfa95d89c38127155d93c94e87416b22743f637,originalimages_part1.zip,https://fei.edu.br/~cet/originalimages_part1.zip,FEI-research-only,internal_eval,True,True,1,0,0.8778032064437866,"[210.60899353027344, 87.73719787597656, 443.8074035644531, 400.2190856933594]","[[238.49180603027344, 215.52330017089844], [332.5987854003906, 210.2812042236328], [258.75140380859375, 272.5802001953125], [251.50079345703125, 331.30169677734375], [326.3006896972656, 327.3689880371094]]","[[0.3488418, -0.01161724, -39.02978584], [0.01161724, 0.3488418, -26.04933369]]",0,insightface_scrfd_five_point,aligned,,True,640,480,0.5255786866830066,62.35805700848896,-0.2842772901058197,processed/fei_full/aligned/fei_0005_04.png,db7debeefb6a68d63c6209c94c44c8abe180eb925d98c1f07db9b7261b70a021,34da13374d4b131f2890f8c98248e1c9ce5d5c1aaf4a8751c718a0bd6f302f84,buffalo_l,5838f7fe053675b1c7a08b633df49e7af5495cee0493c7dcf6697200b85b5b91,7fadd420c2351d0ffa8cac403421c1a3ed733365,"[""CUDAExecutionProvider"", ""CPUExecutionProvider""]"
fei_0005_05,fei_0005,5,5,near_frontal_left,derived_visual_protocol_v1,reference,processed/fei_full/source/5-05.jpg,8b26e2ea9ce434e3de1a8b0e1725f278b3f6158e65f8158e98b8362221f83e77,originalimages_part1.zip,https://fei.edu.br/~cet/originalimages_part1.zip,FEI-research-only,internal_eval,True,True,1,0,0.866278350353241,"[204.18179321289062, 74.90740203857422, 427.68438720703125, 406.0942077636719]","[[255.25950622558594, 207.63980102539062], [358.8490905761719, 202.59219360351562], [305.02899169921875, 269.14581298828125], [270.4346923828125, 325.5537109375], [355.67498779296875, 321.34698486328125]]","[[0.34135844, -0.01521822, -45.43377516], [0.01521822, 0.34135844, -23.34967812]]",0,insightface_scrfd_five_point,aligned,,True,640,480,0.5316832490808824,36.39081363215976,-0.019528018310666084,processed/fei_full/aligned/fei_0005_05.png,ae4b25f0cecfdc9885c457b7a4145f20a529eb59d10470e86593c28f8ab807b1,34da13374d4b131f2890f8c98248e1c9ce5d5c1aaf4a8751c718a0bd6f302f84,buffalo_l,5838f7fe053675b1c7a08b633df49e7af5495cee0493c7dcf6697200b85b5b91,7fadd420c2351d0ffa8cac403421c1a3ed733365,"[""CUDAExecutionProvider"", ""CPUExecutionProvider""]"
fei_0005_06,fei_0005,5,6,near_frontal_right,derived_visual_protocol_v1,reference,processed/fei_full/source/5-06.jpg,8860c885dce4e3b81245ee63916a6afeadc76895bef6afbcf7b54309169b3a34,originalimages_part1.zip,https://fei.edu.br/~cet/originalimages_part1.zip,FEI-research-only,internal_eval,True,True,1,0,0.8111206889152527,"[224.10360717773438, 79.55400085449219, 446.04278564453125, 398.87249755859375]","[[306.30560302734375, 209.66690063476562], [408.4236145019531, 205.9906005859375], [376.835693359375, 270.0087890625], [322.6986999511719, 326.5556945800781], [404.7331848144531, 322.4360046386719]]","[[0.34465061, -0.01502602, -65.34657435], [0.01502602, 0.34465061, -25.56381797]]",0,insightface_scrfd_five_point,aligned,,True,640,480,0.5263666130514706,59.01483248286776,0.1905493289232254,processed/fei_full/aligned/fei_0005_06.png,55d1326051af7407602ba1da2a090b1502c69ef5616762e6473b7555a570e91d,34da13374d4b131f2890f8c98248e1c9ce5d5c1aaf4a8751c718a0bd6f302f84,buffalo_l,5838f7fe053675b1c7a08b633df49e7af5495cee0493c7dcf6697200b85b5b91,7fadd420c2351d0ffa8cac403421c1a3ed733365,"[""CUDAExecutionProvider"", ""CPUExecutionProvider""]"
fei_0005_07,fei_0005,5,7,right_slight,derived_visual_protocol_v1,reference,processed/fei_full/source/5-07.jpg,34c929191a9dd65e0a40e43ed0fc6718a8c12683a46605e723648b39f823c745,originalimages_part1.zip,https://fei.edu.br/~cet/originalimages_part1.zip,FEI-research-only,internal_eval,True,True,1,0,0.8379546403884888,"[234.29930114746094, 80.32569885253906, 460.3080139160156, 395.7593994140625]","[[349.8127136230469, 215.06039428710938], [440.0675048828125, 211.25230407714844], [433.081298828125, 269.54669189453125], [364.6752014160156, 328.2955017089844], [435.9656982421875, 325.210205078125]]","[[0.35273681, -0.01385511, -82.99452226], [0.01385511, 0.35273681, -28.90081297]]",0,insightface_scrfd_five_point,aligned,,True,640,480,0.5158210146037581,24.83451307210922,0.42221900820732117,processed/fei_full/aligned/fei_0005_07.png,ffd5fa8133f1928c5273e3a8a28c0d24aa0c473504bfd766e148e81b16bff994,34da13374d4b131f2890f8c98248e1c9ce5d5c1aaf4a8751c718a0bd6f302f84,buffalo_l,5838f7fe053675b1c7a08b633df49e7af5495cee0493c7dcf6697200b85b5b91,7fadd420c2351d0ffa8cac403421c1a3ed733365,"[""CUDAExecutionProvider"", ""CPUExecutionProvider""]"
fei_0005_08,fei_0005,5,8,right_three_quarter_expression,derived_visual_protocol_v1,query,processed/fei_full/source/5-08.jpg,cb1e73f58770456965b0caff564b95b4dcee9636cf1e97f9db79024628863953,originalimages_part1.zip,https://fei.edu.br/~cet/originalimages_part1.zip,FEI-research-only,internal_eval,True,True,1,0,0.8424097895622253,"[231.7288055419922, 86.77549743652344, 464.327392578125, 412.9902038574219]","[[360.9912109375, 223.28509521484375], [444.7987976074219, 224.0675048828125], [444.0747985839844, 285.9200134277344], [371.0486145019531, 342.2181091308594], [435.2466125488281, 342.8035888671875]]","[[0.34431156, 0.0028048, -86.3613875], [-0.0028048, 0.34431156, -24.6128255]]",0,insightface_scrfd_five_point,aligned,,True,640,480,0.5183597579656863,73.17203718820149,0.49133938550949097,processed/fei_full/aligned/fei_0005_08.png,bbde4745285b7699b1b3bd5f5ab3d43f34e29dec0fd7b14d7276f89aaa3689a1,34da13374d4b131f2890f8c98248e1c9ce5d5c1aaf4a8751c718a0bd6f302f84,buffalo_l,5838f7fe053675b1c7a08b633df49e7af5495cee0493c7dcf6697200b85b5b91,7fadd420c2351d0ffa8cac403421c1a3ed733365,"[""CUDAExecutionProvider"", ""CPUExecutionProvider""]"
fei_0005_09,fei_0005,5,9,right_profile,derived_visual_protocol_v1,reference,processed/fei_full/source/5-09.jpg,b4e880fbb61701e5f68c494cfa912e49b8e820cc8a5f64622ea2dd1151781301,originalimages_part1.zip,https://fei.edu.br/~cet/originalimages_part1.zip,FEI-research-only,internal_eval,True,True,1,0,0.8234089016914368,"[253.3489990234375, 91.73210144042969, 483.8299865722656, 416.2497863769531]","[[395.5621032714844, 228.63279724121094], [467.94268798828125, 232.4539031982422], [477.79840087890625, 288.2744140625], [396.368408203125, 343.5762023925781], [454.4560852050781, 346.80718994140625]]","[[0.3490048, 0.0215105, -103.18038107], [-0.0215105, 0.3490048, -19.16401058]]",0,insightface_scrfd_five_point,aligned,,True,640,480,0.5272580550449346,106.71417607354059,0.6352800130844116,processed/fei_full/aligned/fei_0005_09.png,ca8f89b6deec432f089e6c68e801e136144cf5d38f02a26edf5b1058883fd66a,34da13374d4b131f2890f8c98248e1c9ce5d5c1aaf4a8751c718a0bd6f302f84,buffalo_l,5838f7fe053675b1c7a08b633df49e7af5495cee0493c7dcf6697200b85b5b91,7fadd420c2351d0ffa8cac403421c1a3ed733365,"[""CUDAExecutionProvider"", ""CPUExecutionProvider""]"
fei_0005_10,fei_0005,5,10,right_profile_extreme,derived_visual_protocol_v1,query,processed/fei_full/source/5-10.jpg,fb26a7c4a42f8b0c88c4b7ffc35c9c843a62e4d7c8f46e73f61aecb8c45ef761,originalimages_part1.zip,https://fei.edu.br/~cet/originalimages_part1.zip,FEI-research-only,internal_eval,True,True,1,0,0.7889650464057922,"[292.818603515625, 83.49079895019531, 496.1549987792969, 406.6300964355469]","[[437.4661865234375, 229.06959533691406], [469.1604919433594, 225.42860412597656], [500.5491943359375, 283.6037902832031], [438.7691955566406, 338.9136047363281], [460.75, 337.3200988769531]]","[[0.35980588, 0.00635574, -111.76416175], [-0.00635574, 0.35980588, -26.94432809]]",0,insightface_scrfd_five_point,aligned,,True,640,480,0.5233699703839869,112.36216134808856,1.4806194305419922,processed/fei_full/aligned/fei_0005_10.png,7e1837abc790c7c765bfe88cf21e44dd3ba79ab1803be77db9250e62ff1db866,34da13374d4b131f2890f8c98248e1c9ce5d5c1aaf4a8751c718a0bd6f302f84,buffalo_l,5838f7fe053675b1c7a08b633df49e7af5495cee0493c7dcf6697200b85b5b91,7fadd420c2351d0ffa8cac403421c1a3ed733365,"[""CUDAExecutionProvider"", ""CPUExecutionProvider""]"
fei_0005_11,fei_0005,5,11,frontal_neutral,derived_visual_protocol_v1,reference,processed/fei_full/source/5-11.jpg,d583c8627e6dbdb7f4a2b4adb1520199ff24b4eef99541b99752f624a7d4389e,originalimages_part1.zip,https://fei.edu.br/~cet/originalimages_part1.zip,FEI-research-only,internal_eval,True,True,1,0,0.8960448503494263,"[217.2252960205078, 87.25460052490234, 439.7900085449219, 406.70660400390625]","[[278.7499084472656, 215.1217041015625], [382.6310119628906, 215.82989501953125], [332.81280517578125, 281.3778991699219], [289.81689453125, 332.2065124511719], [371.0871887207031, 332.6502990722656]]","[[0.34662701, 0.00321841, -59.60062984], [-0.00321841, 0.34662701, -22.50787866]]",0,insightface_scrfd_five_point,aligned,,True,640,480,0.5246678410947713,46.56664854223463,0.020430345088243484,processed/fei_full/aligned/fei_0005_11.png,7d875113743d07201cbe362040ad90d343ae8f5ab4768c56e87bbe829813edd0,34da13374d4b131f2890f8c98248e1c9ce5d5c1aaf4a8751c718a0bd6f302f84,buffalo_l,5838f7fe053675b1c7a08b633df49e7af5495cee0493c7dcf6697200b85b5b91,7fadd420c2351d0ffa8cac403421c1a3ed733365,"[""CUDAExecutionProvider"", ""CPUExecutionProvider""]"
fei_0005_12,fei_0005,5,12,frontal_smile,derived_visual_protocol_v1,query,processed/fei_full/source/5-12.jpg,267706c8470d000c01ac68f6cf14ff8f3dc94c369b9a8acda61429560a848c8f,originalimages_part1.zip,https://fei.edu.br/~cet/originalimages_part1.zip,FEI-research-only,internal_eval,True,True,1,0,0.9014695882797241,"[211.99929809570312, 82.25969696044922, 435.6637878417969, 408.4442138671875]","[[272.6546936035156, 214.31790161132812], [378.40069580078125, 217.66419982910156], [325.1300964355469, 281.8240051269531], [274.11151123046875, 320.47369384765625], [372.6419982910156, 323.2969055175781]]","[[0.34879639, 0.01054697, -60.05254499], [-0.01054697, 0.34879639, -19.37936827]]",0,insightface_scrfd_five_point,aligned,,True,640,480,0.5255678232230392,34.11388559289508,-0.003757622791454196,processed/fei_full/aligned/fei_0005_12.png,fc413f5b110ccf093a45123ff87be435acacd9bd23e0d5d556f2c4c74dd03a26,34da13374d4b131f2890f8c98248e1c9ce5d5c1aaf4a8751c718a0bd6f302f84,buffalo_l,5838f7fe053675b1c7a08b633df49e7af5495cee0493c7dcf6697200b85b5b91,7fadd420c2351d0ffa8cac403421c1a3ed733365,"[""CUDAExecutionProvider"", ""CPUExecutionProvider""]"
fei_0005_13,fei_0005,5,13,frontal_scale,derived_visual_protocol_v1,reference,processed/fei_full/source/5-13.jpg,05cbbb0dee7927681cdbbc5913db0df2ff2c60ea38b3402af903e216879d9247,originalimages_part1.zip,https://fei.edu.br/~cet/originalimages_part1.zip,FEI-research-only,internal_eval,True,True,1,0,0.9018346667289734,"[211.31869506835938, 81.7511978149414, 434.8912048339844, 418.1763000488281]","[[273.5946044921875, 214.0959930419922], [377.2951965332031, 216.82330322265625], [325.8305969238281, 281.6011047363281], [279.30841064453125, 330.1676025390625], [366.7351989746094, 332.1824951171875]]","[[0.3446269, 0.00969446, -58.48918843], [-0.00969446, 0.3446269, -19.71632702]]",0,insightface_scrfd_five_point,aligned,,True,640,480,0.45165073529411764,37.58878696101507,0.0037184825632721186,processed/fei_full/aligned/fei_0005_13.png,cdd03f5f59f36f262f918650b7f482c800695025c9b45a4c734f447a6f0bc5c5,34da13374d4b131f2890f8c98248e1c9ce5d5c1aaf4a8751c718a0bd6f302f84,buffalo_l,5838f7fe053675b1c7a08b633df49e7af5495cee0493c7dcf6697200b85b5b91,7fadd420c2351d0ffa8cac403421c1a3ed733365,"[""CUDAExecutionProvider"", ""CPUExecutionProvider""]"
fei_0005_14,fei_0005,5,14,frontal_low_light,derived_visual_protocol_v1,query,processed/fei_full/source/5-14.jpg,796a8d11b4be05d43b862d64e52519f2cebc6923b0c8197d2dbf1f46b7c9d960,originalimages_part1.zip,https://fei.edu.br/~cet/originalimages_part1.zip,FEI-research-only,internal_eval,True,True,1,0,0.8957931399345398,"[211.56959533691406, 84.02110290527344, 435.0776062011719, 413.8055114746094]","[[270.80780029296875, 214.285400390625], [376.0199890136719, 216.4019012451172], [322.00421142578125, 279.0834045410156], [276.4512023925781, 328.5509948730469], [364.6730041503906, 330.2416076660156]]","[[0.34601236, 0.00983782, -58.0795335], [-0.00983782, 0.34601236, -19.63949698]]",0,insightface_scrfd_five_point,aligned,,True,640,480,0.20997877093545753,20.16022252984577,-0.013395619578659534,processed/fei_full/aligned/fei_0005_14.png,a6b7d4b3badfee103d03eb9ead62190ce14b4e3dfc6d9a571b2f5e074f3b2d46,34da13374d4b131f2890f8c98248e1c9ce5d5c1aaf4a8751c718a0bd6f302f84,buffalo_l,5838f7fe053675b1c7a08b633df49e7af5495cee0493c7dcf6697200b85b5b91,7fadd420c2351d0ffa8cac403421c1a3ed733365,"[""CUDAExecutionProvider"", ""CPUExecutionProvider""]"
fei_0006_01,fei_0006,6,1,left_profile_extreme,derived_visual_protocol_v1,query,processed/fei_full/source/6-01.jpg,c85c87b6f5943c7a0a21e655b90f9831d390f783e10782c5726fbba93d2c17e5,originalimages_part1.zip,https://fei.edu.br/~cet/originalimages_part1.zip,FEI-research-only,train,True,True,1,0,0.8367408514022827,"[155.28439331054688, 37.628299713134766, 346.74090576171875, 331.53228759765625]","[[186.60409545898438, 164.18609619140625], [217.91619873046875, 171.95680236816406], [152.33749389648438, 214.585205078125], [182.25759887695312, 269.0956115722656], [201.7606964111328, 273.1365966796875]]","[[0.38462956, 0.0484822, -26.94941564], [-0.0484822, 0.38462956, -3.05304886]]",0,insightface_scrfd_five_point,aligned,,True,640,480,0.5048705703635621,62.687659445603686,-1.547414779663086,processed/fei_full/aligned/fei_0006_01.png,9639c6ab1adba61db6e175d2aac810088f5446d41894af324a29b6a8cfbc7855,34da13374d4b131f2890f8c98248e1c9ce5d5c1aaf4a8751c718a0bd6f302f84,buffalo_l,5838f7fe053675b1c7a08b633df49e7af5495cee0493c7dcf6697200b85b5b91,7fadd420c2351d0ffa8cac403421c1a3ed733365,"[""CUDAExecutionProvider"", ""CPUExecutionProvider""]"
fei_0006_02,fei_0006,6,2,left_profile,derived_visual_protocol_v1,reference,processed/fei_full/source/6-02.jpg,ae50eefaf80271f0c5e11f698043097e924a5f38bf61ecd1230160579b2427de,originalimages_part1.zip,https://fei.edu.br/~cet/originalimages_part1.zip,FEI-research-only,train,True,True,1,0,0.8636305928230286,"[196.57789611816406, 39.10559844970703, 392.8586120605469, 328.03961181640625]","[[212.88189697265625, 166.50160217285156], [278.3075866699219, 167.04519653320312], [206.84500122070312, 213.98370361328125], [218.5679931640625, 265.5408020019531], [270.68121337890625, 265.36981201171875]]","[[0.41132433, 0.00507839, -42.74092236], [-0.00507839, 0.41132433, -15.61112901]]",0,insightface_scrfd_five_point,aligned,,True,640,480,0.5164890344158497,53.12334552341038,-0.5922505855560303,processed/fei_full/aligned/fei_0006_02.png,d17a8faae159bfc4c401608fa0ffb732bb2a7310d0cda894a1bf21f1b270a00c,34da13374d4b131f2890f8c98248e1c9ce5d5c1aaf4a8751c718a0bd6f302f84,buffalo_l,5838f7fe053675b1c7a08b633df49e7af5495cee0493c7dcf6697200b85b5b91,7fadd420c2351d0ffa8cac403421c1a3ed733365,"[""CUDAExecutionProvider"", ""CPUExecutionProvider""]"
fei_0006_03,fei_0006,6,3,left_three_quarter,derived_visual_protocol_v1,query,processed/fei_full/source/6-03.jpg,b6b61ceec9c5128ad6e94437ff19a8e95acae173d6a140e8a209b40374e3b0fa,originalimages_part1.zip,https://fei.edu.br/~cet/originalimages_part1.zip,FEI-research-only,train,True,True,1,0,0.8867508172988892,"[213.76800537109375, 42.75120162963867, 421.514404296875, 334.02081298828125]","[[237.0677032470703, 166.36839294433594], [321.2550964355469, 163.28909301757812], [250.78810119628906, 213.87179565429688], [244.13409423828125, 267.7207946777344], [313.1614990234375, 265.6083984375]]","[[0.39165858, -0.00188675, -50.60045754], [0.00188675, 0.39165858, -12.96699846]]",0,insightface_scrfd_five_point,aligned,,True,640,480,0.5161116727941176,53.02011387887531,-0.33679983019828796,processed/fei_full/aligned/fei_0006_03.png,a91277c55d6ce148a029dd094d092ef2c88e22c3aff3484e43ce8bbf45949f3c,34da13374d4b131f2890f8c98248e1c9ce5d5c1aaf4a8751c718a0bd6f302f84,buffalo_l,5838f7fe053675b1c7a08b633df49e7af5495cee0493c7dcf6697200b85b5b91,7fadd420c2351d0ffa8cac403421c1a3ed733365,"[""CUDAExecutionProvider"", ""CPUExecutionProvider""]"
fei_0006_04,fei_0006,6,4,left_slight,derived_visual_protocol_v1,reference,processed/fei_full/source/6-04.jpg,de3c9b846de0428ea0cf96163b8ada64262856f6fa89c0d84d8c51f4ffdd2e3b,originalimages_part1.zip,https://fei.edu.br/~cet/originalimages_part1.zip,FEI-research-only,train,True,True,1,0,0.8732396960258484,"[227.37350463867188, 60.1422004699707, 431.73779296875, 343.99859619140625]","[[252.9178009033203, 183.2949981689453], [338.8088073730469, 179.58099365234375], [273.36248779296875, 227.71319580078125], [260.07598876953125, 280.2933044433594], [331.5504150390625, 278.0419921875]]","[[0.40296917, -0.00392692, -60.47378394], [0.00392692, 0.40296917, -21.83953687]]",0,insightface_scrfd_five_point,aligned,,True,640,480,0.5146030305351308,52.82905101342731,-0.26172545552253723,processed/fei_full/aligned/fei_0006_04.png,b9f1acf82a04069b818947cac3f29dabd780b21e00ec0e73d0082e1a13990da2,34da13374d4b131f2890f8c98248e1c9ce5d5c1aaf4a8751c718a0bd6f302f84,buffalo_l,5838f7fe053675b1c7a08b633df49e7af5495cee0493c7dcf6697200b85b5b91,7fadd420c2351d0ffa8cac403421c1a3ed733365,"[""CUDAExecutionProvider"", ""CPUExecutionProvider""]"
fei_0006_05,fei_0006,6,5,near_frontal_left,derived_visual_protocol_v1,reference,processed/fei_full/source/6-05.jpg,e41ab51cc15e3c7ff73454d1bb6df56924eeedf6f554b3641e85eff8638501a3,originalimages_part1.zip,https://fei.edu.br/~cet/originalimages_part1.zip,FEI-research-only,train,True,True,1,0,0.8489311337471008,"[230.08200073242188, 62.207801818847656, 441.085205078125, 347.52301025390625]","[[272.143798828125, 187.58380126953125], [367.01580810546875, 181.9553985595703], [313.0787048339844, 237.69259643554688], [286.00299072265625, 283.189208984375], [365.4153137207031, 279.1498107910156]]","[[0.39497948, -0.02173062, -65.57301896], [0.02173062, 0.39497948, -27.46020025]]",0,insightface_scrfd_five_point,aligned,,True,640,480,0.5278346992442811,38.88765240960652,-0.06840507686138153,processed/fei_full/aligned/fei_0006_05.png,cac708e38fe8131f34acbe0221955b34802cf4cab6e0c9b57bc506425749b1d4,34da13374d4b131f2890f8c98248e1c9ce5d5c1aaf4a8751c718a0bd6f302f84,buffalo_l,5838f7fe053675b1c7a08b633df49e7af5495cee0493c7dcf6697200b85b5b91,7fadd420c2351d0ffa8cac403421c1a3ed733365,"[""CUDAExecutionProvider"", ""CPUExecutionProvider""]"
fei_0006_06,fei_0006,6,6,near_frontal_right,derived_visual_protocol_v1,reference,processed/fei_full/source/6-06.jpg,dbd22ef3c7a94767dd55f1fd7117407c90572145b2c717a945cba79a8be1bbfe,originalimages_part1.zip,https://fei.edu.br/~cet/originalimages_part1.zip,FEI-research-only,train,True,True,1,0,0.8695610165596008,"[237.72650146484375, 61.15019989013672, 444.698486328125, 346.8995056152344]","[[303.5989990234375, 187.90899658203125], [398.710693359375, 182.01119995117188], [362.3205871582031, 234.3011932373047], [318.6575927734375, 283.0679016113281], [397.8103942871094, 277.3045959472656]]","[[0.39790095, -0.02595722, -79.66804404], [0.02595722, 0.39790095, -30.02429505]]",0,insightface_scrfd_five_point,aligned,,True,640,480,0.5160334967320261,38.89397433470619,0.11717071384191513,processed/fei_full/aligned/fei_0006_06.png,a00ccab534268af96a1b873dbe2b6833aa87ca1259b9ff386937384455194385,34da13374d4b131f2890f8c98248e1c9ce5d5c1aaf4a8751c718a0bd6f302f84,buffalo_l,5838f7fe053675b1c7a08b633df49e7af5495cee0493c7dcf6697200b85b5b91,7fadd420c2351d0ffa8cac403421c1a3ed733365,"[""CUDAExecutionProvider"", ""CPUExecutionProvider""]"
fei_0006_07,fei_0006,6,7,right_slight,derived_visual_protocol_v1,reference,processed/fei_full/source/6-07.jpg,aeec39eab76f72b1de0ca16e630028798d90459777696b73662e00129d489cb5,originalimages_part1.zip,https://fei.edu.br/~cet/originalimages_part1.zip,FEI-research-only,train,True,True,1,0,0.868521511554718,"[242.08189392089844, 59.824100494384766, 448.37939453125, 347.6513977050781]","[[325.2412109375, 190.23919677734375], [414.2651062011719, 179.8123016357422], [394.0318908691406, 235.0355987548828], [344.3446960449219, 286.8517150878906], [416.97039794921875, 277.2820129394531]]","[[0.39829422, -0.0440277, -84.62003547], [0.0440277, 0.39829422, -37.92319588]]",0,insightface_scrfd_five_point,aligned,,True,640,480,0.5083078916462418,46.152363085259324,0.27087026834487915,processed/fei_full/aligned/fei_0006_07.png,6f040880ec37e31a84d66b41b8f334b5334c4ff079a912f05273be048f437747,34da13374d4b131f2890f8c98248e1c9ce5d5c1aaf4a8751c718a0bd6f302f84,buffalo_l,5838f7fe053675b1c7a08b633df49e7af5495cee0493c7dcf6697200b85b5b91,7fadd420c2351d0ffa8cac403421c1a3ed733365,"[""CUDAExecutionProvider"", ""CPUExecutionProvider""]"
fei_0006_08,fei_0006,6,8,right_three_quarter_expression,derived_visual_protocol_v1,query,processed/fei_full/source/6-08.jpg,1ebbd73887341a91fe9c19459c230a8139a786d1a25df6be93663e0049c2f3cb,originalimages_part1.zip,https://fei.edu.br/~cet/originalimages_part1.zip,FEI-research-only,train,True,True,1,0,0.8666991591453552,"[252.8415985107422, 60.29240036010742, 455.42059326171875, 352.6799011230469]","[[347.059814453125, 195.8916015625], [428.16680908203125, 186.98150634765625], [420.9674072265625, 235.15159606933594], [367.4573974609375, 292.3511047363281], [434.2406005859375, 283.8013916015625]]","[[0.40389079, -0.04972822, -93.48302255], [0.04972822, 0.40389079, -44.43298234]]",0,insightface_scrfd_five_point,aligned,,True,640,480,0.5212528594771242,35.42528942866855,0.4087766408920288,processed/fei_full/aligned/fei_0006_08.png,08366f1bc5c73b7471418bb06834f07a76e11076c9cbdcefb4cf7f608a8a4d1c,34da13374d4b131f2890f8c98248e1c9ce5d5c1aaf4a8751c718a0bd6f302f84,buffalo_l,5838f7fe053675b1c7a08b633df49e7af5495cee0493c7dcf6697200b85b5b91,7fadd420c2351d0ffa8cac403421c1a3ed733365,"[""CUDAExecutionProvider"", ""CPUExecutionProvider""]"
fei_0006_09,fei_0006,6,9,right_profile,derived_visual_protocol_v1,reference,processed/fei_full/source/6-09.jpg,90ffe7de4fa4d05b90500e0369483c3b1ff13f84ec890ec48fb56cc2232cb3f7,originalimages_part1.zip,https://fei.edu.br/~cet/originalimages_part1.zip,FEI-research-only,train,True,True,1,0,0.8538510799407959,"[281.0484924316406, 68.21009826660156, 474.37640380859375, 349.06109619140625]","[[386.5498046875, 196.0010986328125], [452.9814147949219, 185.50039672851562], [463.2615966796875, 229.59429931640625], [408.2001953125, 288.3077087402344], [462.4097900390625, 280.1512145996094]]","[[0.41774045, -0.06502806, -110.21666817], [0.06502806, 0.41774045, -54.91519573]]",0,insightface_scrfd_five_point,aligned,,True,640,480,0.5240543300653595,47.91512608235677,0.6467188596725464,processed/fei_full/aligned/fei_0006_09.png,5dd8099430215137448fb776a2232072299539ebbee733f308710c39b9613728,34da13374d4b131f2890f8c98248e1c9ce5d5c1aaf4a8751c718a0bd6f302f84,buffalo_l,5838f7fe053675b1c7a08b633df49e7af5495cee0493c7dcf6697200b85b5b91,7fadd420c2351d0ffa8cac403421c1a3ed733365,"[""CUDAExecutionProvider"", ""CPUExecutionProvider""]"
fei_0006_10,fei_0006,6,10,right_profile_extreme,derived_visual_protocol_v1,query,processed/fei_full/source/6-10.jpg,b588bd3aca382ab6ff1557675958af1c5697a679380bc93d99585f7abfd04b61,originalimages_part1.zip,https://fei.edu.br/~cet/originalimages_part1.zip,FEI-research-only,train,True,True,1,0,0.8023453950881958,"[306.0968933105469, 71.14839935302734, 493.56658935546875, 358.3066101074219]","[[426.0992126464844, 198.78860473632812], [460.5840148925781, 190.99949645996094], [492.534912109375, 238.46949768066406], [447.6166076660156, 298.4139099121094], [471.2632141113281, 292.6094055175781]]","[[0.39797225, -0.06633237, -110.71411451], [0.06633237, 0.39797225, -55.63485859]]",0,insightface_scrfd_five_point,aligned,,True,640,480,0.5176894020629085,46.52443676290512,1.3914718627929688,processed/fei_full/aligned/fei_0006_10.png,94430e12026b096324fc86e21df65b6a203687afb064843d0385c2e020ff3045,34da13374d4b131f2890f8c98248e1c9ce5d5c1aaf4a8751c718a0bd6f302f84,buffalo_l,5838f7fe053675b1c7a08b633df49e7af5495cee0493c7dcf6697200b85b5b91,7fadd420c2351d0ffa8cac403421c1a3ed733365,"[""CUDAExecutionProvider"", ""CPUExecutionProvider""]"
fei_0006_11,fei_0006,6,11,frontal_neutral,derived_visual_protocol_v1,reference,processed/fei_full/source/6-11.jpg,2b309df472303b4a50bea309d9a51ce48deb2dd85319c3422beb5366acefb10c,originalimages_part1.zip,https://fei.edu.br/~cet/originalimages_part1.zip,FEI-research-only,train,True,True,1,0,0.9070180058479309,"[223.523193359375, 80.92400360107422, 427.52740478515625, 349.1578063964844]","[[277.0423889160156, 191.9810028076172], [371.3822937011719, 190.4134063720703], [324.7699890136719, 235.22869873046875], [287.6304016113281, 287.17950439453125], [365.6289978027344, 285.72149658203125]]","[[0.40262159, -0.00665052, -73.35942913], [0.00665052, 0.40262159, -26.12871162]]",0,insightface_scrfd_five_point,aligned,,True,640,480,0.5163910207312092,40.73181964211994,0.005910555366426706,processed/fei_full/aligned/fei_0006_11.png,fd15a1e3fec9ba43e97339005fe46d26b795173a2387b7a399eb282cf81e40df,34da13374d4b131f2890f8c98248e1c9ce5d5c1aaf4a8751c718a0bd6f302f84,buffalo_l,5838f7fe053675b1c7a08b633df49e7af5495cee0493c7dcf6697200b85b5b91,7fadd420c2351d0ffa8cac403421c1a3ed733365,"[""CUDAExecutionProvider"", ""CPUExecutionProvider""]"
fei_0006_12,fei_0006,6,12,frontal_smile,derived_visual_protocol_v1,query,processed/fei_full/source/6-12.jpg,535822fd026421e26aa9255de3bb2fbac75a225115c6ce71e36ef10fc4cba6aa,originalimages_part1.zip,https://fei.edu.br/~cet/originalimages_part1.zip,FEI-research-only,train,True,True,1,0,0.9116357564926147,"[220.5944061279297, 82.41200256347656, 426.76348876953125, 366.9093933105469]","[[272.8370056152344, 199.82290649414062], [371.75689697265625, 197.6649932861328], [322.6709899902344, 251.67849731445312], [271.20880126953125, 282.4648132324219], [376.860595703125, 280.6099853515625]]","[[0.38135638, -0.00567403, -65.80178003], [0.00567403, 0.38135638, -22.39149399]]",0,insightface_scrfd_five_point,aligned,,True,640,480,0.529905930861928,31.484220841715068,0.003780174534767866,processed/fei_full/aligned/fei_0006_12.png,a423c4f8348606896159e5256e9952c8343b28c687537785be5aff0dd4a49582,34da13374d4b131f2890f8c98248e1c9ce5d5c1aaf4a8751c718a0bd6f302f84,buffalo_l,5838f7fe053675b1c7a08b633df49e7af5495cee0493c7dcf6697200b85b5b91,7fadd420c2351d0ffa8cac403421c1a3ed733365,"[""CUDAExecutionProvider"", ""CPUExecutionProvider""]"
fei_0006_13,fei_0006,6,13,frontal_scale,derived_visual_protocol_v1,reference,processed/fei_full/source/6-13.jpg,3112fd4de2fa7c3cfc22e5da474bf91c9a93dc66c60ce2536340ba8cca1cefb0,originalimages_part1.zip,https://fei.edu.br/~cet/originalimages_part1.zip,FEI-research-only,train,True,True,1,0,0.9123190641403198,"[218.56979370117188, 81.9207992553711, 425.710693359375, 363.6408996582031]","[[272.5816955566406, 199.78829956054688], [369.743408203125, 195.95449829101562], [322.6506042480469, 249.2283935546875], [283.1658020019531, 296.1648864746094], [366.3009948730469, 292.80029296875]]","[[0.39084058, -0.01276416, -67.0217423], [0.01276416, 0.39084058, -28.67511803]]",0,insightface_scrfd_five_point,aligned,,True,640,480,0.4169493719362745,36.72349837171766,0.015303147956728935,processed/fei_full/aligned/fei_0006_13.png,b570adde658a1a3c892d8b41c2912f037da8afe9abd2e7619c97cf6d3852d228,34da13374d4b131f2890f8c98248e1c9ce5d5c1aaf4a8751c718a0bd6f302f84,buffalo_l,5838f7fe053675b1c7a08b633df49e7af5495cee0493c7dcf6697200b85b5b91,7fadd420c2351d0ffa8cac403421c1a3ed733365,"[""CUDAExecutionProvider"", ""CPUExecutionProvider""]"
fei_0006_14,fei_0006,6,14,frontal_low_light,derived_visual_protocol_v1,query,processed/fei_full/source/6-14.jpg,c8d8b7790dcbd0d8cf977858d95c16dad80ade421a9080e880ce7c3d71fa9a17,originalimages_part1.zip,https://fei.edu.br/~cet/originalimages_part1.zip,FEI-research-only,train,True,True,1,0,0.9051645398139954,"[222.3209991455078, 78.24729919433594, 425.6062927246094, 372.2809143066406]","[[274.07110595703125, 204.90570068359375], [368.7160949707031, 203.8488006591797], [320.6976013183594, 254.70750427246094], [280.2637939453125, 297.8962097167969], [364.74481201171875, 296.9757995605469]]","[[0.39983134, -0.00241223, -71.99197137], [0.00241223, 0.39983134, -29.49950393]]",0,insightface_scrfd_five_point,aligned,,True,640,480,0.16448594515931372,15.571750418080223,-0.007354132365435362,processed/fei_full/aligned/fei_0006_14.png,30d453e05c163fe7de0d67c4bee9b1a56ba46639344b31e3c4eb2d8b29ac24d7,34da13374d4b131f2890f8c98248e1c9ce5d5c1aaf4a8751c718a0bd6f302f84,buffalo_l,5838f7fe053675b1c7a08b633df49e7af5495cee0493c7dcf6697200b85b5b91,7fadd420c2351d0ffa8cac403421c1a3ed733365,"[""CUDAExecutionProvider"", ""CPUExecutionProvider""]"
fei_0007_01,fei_0007,7,1,left_profile_extreme,derived_visual_protocol_v1,query,processed/fei_full/source/7-01.jpg,ef00a915a296206a24a256323bea17a073afedf97993b63b0b674be760e171a0,originalimages_part1.zip,https://fei.edu.br/~cet/originalimages_part1.zip,FEI-research-only,internal_eval,True,True,1,0,0.8915090560913086,"[167.14300537109375, 86.65450286865234, 350.8258972167969, 365.96820068359375]","[[187.50050354003906, 196.73880004882812], [232.1446075439453, 193.60020446777344], [166.00860595703125, 244.78199768066406], [192.0384979248047, 304.31201171875], [223.7429962158203, 300.5199890136719]]","[[0.38717619, -0.00054271, -21.3856152], [0.00054271, 0.38717619, -24.22396321]]",0,insightface_scrfd_five_point,aligned,,True,640,480,0.5391079197303921,84.05159554035399,-0.9789881706237793,processed/fei_full/aligned/fei_0007_01.png,a3369080820e707ed061b065c1d37a3d8948d30e990bb3bdc64d1705307e37b9,34da13374d4b131f2890f8c98248e1c9ce5d5c1aaf4a8751c718a0bd6f302f84,buffalo_l,5838f7fe053675b1c7a08b633df49e7af5495cee0493c7dcf6697200b85b5b91,7fadd420c2351d0ffa8cac403421c1a3ed733365,"[""CUDAExecutionProvider"", ""CPUExecutionProvider""]"
fei_0007_02,fei_0007,7,2,left_profile,derived_visual_protocol_v1,reference,processed/fei_full/source/7-02.jpg,6bd0473ec0311dfa047c037e555e010713060be0055a763c33cff36187514e28,originalimages_part1.zip,https://fei.edu.br/~cet/originalimages_part1.zip,FEI-research-only,internal_eval,True,True,1,0,0.8906370997428894,"[192.87930297851562, 90.74610137939453, 387.8962097167969, 374.043212890625]","[[209.69850158691406, 204.41299438476562], [279.1492004394531, 197.27049255371094], [207.37989807128906, 251.2799072265625], [215.67160034179688, 313.1524963378906], [266.8341064453125, 307.37939453125]]","[[0.38309586, -0.00305388, -33.50959127], [0.00305388, 0.38309586, -26.39332032]]",0,insightface_scrfd_five_point,aligned,,True,640,480,0.5181404335171568,92.84237184345457,-0.5305864214897156,processed/fei_full/aligned/fei_0007_02.png,02034ff47abd96dd5fd15156cf149c07d8b1bca8ef1f792eeb42ca1f56a545fb,34da13374d4b131f2890f8c98248e1c9ce5d5c1aaf4a8751c718a0bd6f302f84,buffalo_l,5838f7fe053675b1c7a08b633df49e7af5495cee0493c7dcf6697200b85b5b91,7fadd420c2351d0ffa8cac403421c1a3ed733365,"[""CUDAExecutionProvider"", ""CPUExecutionProvider""]"
fei_0007_03,fei_0007,7,3,left_three_quarter,derived_visual_protocol_v1,query,processed/fei_full/source/7-03.jpg,9213d88e1e390f7ee67d81dd5b65c00cd6b7b39d099990b6a58e5574ea0af807,originalimages_part1.zip,https://fei.edu.br/~cet/originalimages_part1.zip,FEI-research-only,internal_eval,True,True,1,0,0.9037390351295471,"[215.96780395507812, 90.39839935302734, 414.58349609375, 370.8200988769531]","[[239.06239318847656, 199.472900390625], [319.5660095214844, 190.5323944091797], [251.30020141601562, 242.6251983642578], [245.2480010986328, 306.1995849609375], [307.4991149902344, 299.5639953613281]]","[[0.3842549, -0.00582026, -47.25524135], [0.00582026, 0.3842549, -24.85723664]]",0,insightface_scrfd_five_point,aligned,,True,640,480,0.524677121629902,83.40102981461418,-0.3458575904369354,processed/fei_full/aligned/fei_0007_03.png,134a93ff4238f2e946c045bc904e2b2b4042cb41d93b59e0c9212c6c44daec3b,34da13374d4b131f2890f8c98248e1c9ce5d5c1aaf4a8751c718a0bd6f302f84,buffalo_l,5838f7fe053675b1c7a08b633df49e7af5495cee0493c7dcf6697200b85b5b91,7fadd420c2351d0ffa8cac403421c1a3ed733365,"[""CUDAExecutionProvider"", ""CPUExecutionProvider""]"
fei_0007_04,fei_0007,7,4,left_slight,derived_visual_protocol_v1,reference,processed/fei_full/source/7-04.jpg,fae45cc16e8afb06c4ed915389f0fd1564b0069caa6fcf29f3fa14bc8ac2ed0d,originalimages_part1.zip,https://fei.edu.br/~cet/originalimages_part1.zip,FEI-research-only,internal_eval,True,True,1,0,0.8778238892555237,"[208.7375946044922, 96.44349670410156, 416.0650939941406, 377.8074951171875]","[[239.0377960205078, 204.49879455566406], [326.7388000488281, 196.2740020751953], [262.3909912109375, 251.45469665527344], [249.56370544433594, 312.36590576171875], [316.85150146484375, 306.5155029296875]]","[[0.37848768, -0.0113007, -46.6674389], [0.0113007, 0.37848768, -27.47098287]]",0,insightface_scrfd_five_point,aligned,,True,640,480,0.5244058925653595,83.9465517838796,-0.23269601166248322,processed/fei_full/aligned/fei_0007_04.png,b26b3236ae65003cf2727e8fdfe2de1a61c7d890bc3555086ad7ae6fb4faddd1,34da13374d4b131f2890f8c98248e1c9ce5d5c1aaf4a8751c718a0bd6f302f84,buffalo_l,5838f7fe053675b1c7a08b633df49e7af5495cee0493c7dcf6697200b85b5b91,7fadd420c2351d0ffa8cac403421c1a3ed733365,"[""CUDAExecutionProvider"", ""CPUExecutionProvider""]"
fei_0007_05,fei_0007,7,5,near_frontal_left,derived_visual_protocol_v1,reference,processed/fei_full/source/7-05.jpg,09abfda9c09c5fedadac4abe7cfb1bde6ebb48f04e3c9c84e25c402be8128e44,originalimages_part1.zip,https://fei.edu.br/~cet/originalimages_part1.zip,FEI-research-only,internal_eval,True,True,1,0,0.886764407157898,"[214.10360717773438, 97.26709747314453, 420.71759033203125, 379.9172058105469]","[[248.09190368652344, 206.17320251464844], [338.25830078125, 198.23269653320312], [277.7828063964844, 253.70359802246094], [259.7690124511719, 312.7799987792969], [330.24591064453125, 307.0002136230469]]","[[0.38016644, -0.01426094, -50.89270483], [0.01426094, 0.38016644, -29.40887422]]",0,insightface_scrfd_five_point,aligned,,True,640,480,0.521556130004085,85.901420548492,-0.17005181312561035,processed/fei_full/aligned/fei_0007_05.png,de09ea769d44b6de8918f66135240c5c2b33dedacc62f386c4c9e9bdd63a8cf4,34da13374d4b131f2890f8c98248e1c9ce5d5c1aaf4a8751c718a0bd6f302f84,buffalo_l,5838f7fe053675b1c7a08b633df49e7af5495cee0493c7dcf6697200b85b5b91,7fadd420c2351d0ffa8cac403421c1a3ed733365,"[""CUDAExecutionProvider"", ""CPUExecutionProvider""]"
fei_0007_06,fei_0007,7,6,near_frontal_right,derived_visual_protocol_v1,reference,processed/fei_full/source/7-06.jpg,7ab9308395dee3d648d09e6a4c4e941f522805c5dce0e1efa3927df7351911c0,originalimages_part1.zip,https://fei.edu.br/~cet/originalimages_part1.zip,FEI-research-only,internal_eval,True,True,1,0,0.8537585735321045,"[237.28590393066406, 95.75299835205078, 441.0967102050781, 382.7497863769531]","[[305.5943908691406, 204.18519592285156], [401.2018127441406, 206.8450927734375], [362.0347900390625, 259.1039123535156], [313.9186096191406, 311.6081848144531], [390.50140380859375, 313.1839904785156]]","[[0.37628482, 0.00838936, -79.59603773], [-0.00838936, 0.37628482, -22.57617557]]",0,insightface_scrfd_five_point,aligned,,True,640,480,0.5258977736928104,79.41375344335769,0.09029971063137054,processed/fei_full/aligned/fei_0007_06.png,2e1651da3eda27cb167de7617f291adbb6ab0bcc82c9e00a03952e992b391b3b,34da13374d4b131f2890f8c98248e1c9ce5d5c1aaf4a8751c718a0bd6f302f84,buffalo_l,5838f7fe053675b1c7a08b633df49e7af5495cee0493c7dcf6697200b85b5b91,7fadd420c2351d0ffa8cac403421c1a3ed733365,"[""CUDAExecutionProvider"", ""CPUExecutionProvider""]"
fei_0007_07,fei_0007,7,7,right_slight,derived_visual_protocol_v1,reference,processed/fei_full/source/7-07.jpg,6ac250b19a37f5f8d52b64562e2a895f7489078089eee8c56835e66530c7ac95,originalimages_part1.zip,https://fei.edu.br/~cet/originalimages_part1.zip,FEI-research-only,internal_eval,True,True,1,0,0.8857134580612183,"[241.04440307617188, 92.54560089111328, 442.70941162109375, 376.36090087890625]","[[326.06201171875, 199.48219299316406], [414.51458740234375, 204.14239501953125], [390.093505859375, 250.5272979736328], [336.24481201171875, 304.4325866699219], [407.881591796875, 306.7943115234375]]","[[0.38870535, 0.00486031, -90.95254802], [-0.00486031, 0.38870535, -24.64870797]]",0,insightface_scrfd_five_point,aligned,,True,640,480,0.5255196461397059,71.73816038257812,0.22359751164913177,processed/fei_full/aligned/fei_0007_07.png,7b25ac1d903d8438731b4ed66e76133445214f6efeebd327732a699380ad576d,34da13374d4b131f2890f8c98248e1c9ce5d5c1aaf4a8751c718a0bd6f302f84,buffalo_l,5838f7fe053675b1c7a08b633df49e7af5495cee0493c7dcf6697200b85b5b91,7fadd420c2351d0ffa8cac403421c1a3ed733365,"[""CUDAExecutionProvider"", ""CPUExecutionProvider""]"
fei_0007_08,fei_0007,7,8,right_three_quarter_expression,derived_visual_protocol_v1,query,processed/fei_full/source/7-08.jpg,2801459e1881ef72423296e6cfd27ad27c25084bd3dcb5e66c556af9fc64b335,originalimages_part1.zip,https://fei.edu.br/~cet/originalimages_part1.zip,FEI-research-only,internal_eval,True,True,1,0,0.8993646502494812,"[261.80511474609375, 89.20339965820312, 455.2503967285156, 368.27740478515625]","[[350.7654113769531, 192.99839782714844], [432.12939453125, 201.77960205078125], [413.7283935546875, 246.0498046875], [357.33990478515625, 297.256103515625], [422.1546936035156, 303.39208984375]]","[[0.3979148, 0.02143372, -106.56103929], [-0.02143372, 0.3979148, -18.42844155]]",0,insightface_scrfd_five_point,aligned,,True,640,480,0.5290036381740196,77.81996632206175,0.2722629904747009,processed/fei_full/aligned/fei_0007_08.png,31e0360a37446055997223b4715041dadef4f31ab814a5fd5e49c8653e753643,34da13374d4b131f2890f8c98248e1c9ce5d5c1aaf4a8751c718a0bd6f302f84,buffalo_l,5838f7fe053675b1c7a08b633df49e7af5495cee0493c7dcf6697200b85b5b91,7fadd420c2351d0ffa8cac403421c1a3ed733365,"[""CUDAExecutionProvider"", ""CPUExecutionProvider""]"
fei_0007_09,fei_0007,7,9,right_profile,derived_visual_protocol_v1,reference,processed/fei_full/source/7-09.jpg,8abfe71a8610b8dfde00b737dd55c1d33b94e0279c5501cce138922ddeccba5a,originalimages_part1.zip,https://fei.edu.br/~cet/originalimages_part1.zip,FEI-research-only,internal_eval,True,True,1,0,0.8486782312393188,"[269.4927978515625, 94.5188980102539, 462.8102111816406, 375.3725891113281]","[[368.86480712890625, 198.67660522460938], [444.36981201171875, 207.36940002441406], [435.57940673828125, 254.78480529785156], [375.9831848144531, 306.1211853027344], [433.06561279296875, 313.1908874511719]]","[[0.39062601, 0.02298626, -110.62992793], [-0.02298626, 0.39062601, -18.65013577]]",0,insightface_scrfd_five_point,aligned,,True,640,480,0.5244093392565359,85.99208375545078,0.3810628652572632,processed/fei_full/aligned/fei_0007_09.png,86cb85cc4e52de3565c82be64258cdbf0e382ae90ee3dc8e699efbb326cc8a80,34da13374d4b131f2890f8c98248e1c9ce5d5c1aaf4a8751c718a0bd6f302f84,buffalo_l,5838f7fe053675b1c7a08b633df49e7af5495cee0493c7dcf6697200b85b5b91,7fadd420c2351d0ffa8cac403421c1a3ed733365,"[""CUDAExecutionProvider"", ""CPUExecutionProvider""]"
fei_0007_10,fei_0007,7,10,right_profile_extreme,derived_visual_protocol_v1,query,processed/fei_full/source/7-10.jpg,a68bc3fa9cdca0de0f7b0c5036f3c064348ef51a329fbd2eb1f829069456c11f,originalimages_part1.zip,https://fei.edu.br/~cet/originalimages_part1.zip,FEI-research-only,internal_eval,True,True,1,0,0.846025288105011,"[294.90899658203125, 95.08080291748047, 480.46771240234375, 377.84820556640625]","[[416.14910888671875, 199.99319458007812], [457.9805908203125, 202.6092071533203], [478.6441955566406, 256.1610107421875], [421.6914978027344, 309.0282897949219], [451.1310119628906, 312.539794921875]]","[[0.38207517, 0.01101573, -116.86362672], [-0.01101573, 0.38207517, -21.03248744]]",0,insightface_scrfd_five_point,aligned,,True,640,480,0.5257224647671569,84.33017382938597,0.9920302033424377,processed/fei_full/aligned/fei_0007_10.png,71098c1a2f22da99ef43cd2db1a1552301e02fe936c6fac81342ccfe4ab2c386,34da13374d4b131f2890f8c98248e1c9ce5d5c1aaf4a8751c718a0bd6f302f84,buffalo_l,5838f7fe053675b1c7a08b633df49e7af5495cee0493c7dcf6697200b85b5b91,7fadd420c2351d0ffa8cac403421c1a3ed733365,"[""CUDAExecutionProvider"", ""CPUExecutionProvider""]"
fei_0007_11,fei_0007,7,11,frontal_neutral,derived_visual_protocol_v1,reference,processed/fei_full/source/7-11.jpg,b52ddfce6cf429712a14618b830d2cdf6b0191c2f0fbf76990a88b93a67583c7,originalimages_part1.zip,https://fei.edu.br/~cet/originalimages_part1.zip,FEI-research-only,internal_eval,True,True,1,0,0.9179207682609558,"[225.2957000732422, 85.87789916992188, 425.7735900878906, 357.5794982910156]","[[276.8393859863281, 190.8542938232422], [370.5914001464844, 189.13259887695312], [323.0260009765625, 232.845703125], [286.30499267578125, 290.05499267578125], [361.7644958496094, 288.8486022949219]]","[[0.39598181, -0.00135767, -71.83163736], [0.00135767, 0.39598181, -22.91988088]]",0,insightface_scrfd_five_point,aligned,,True,640,480,0.530324014501634,77.53789209127426,-0.007352120243012905,processed/fei_full/aligned/fei_0007_11.png,da96a12215011c09ba2f3d813b1d6f6e535a5b4507a00b246fec984e937e0bd6,34da13374d4b131f2890f8c98248e1c9ce5d5c1aaf4a8751c718a0bd6f302f84,buffalo_l,5838f7fe053675b1c7a08b633df49e7af5495cee0493c7dcf6697200b85b5b91,7fadd420c2351d0ffa8cac403421c1a3ed733365,"[""CUDAExecutionProvider"", ""CPUExecutionProvider""]"
fei_0007_12,fei_0007,7,12,frontal_smile,derived_visual_protocol_v1,query,processed/fei_full/source/7-12.jpg,2c85d17c9be58c2d201649d8027b0f112ee81f3f6077d314ea4483880f30a807,originalimages_part1.zip,https://fei.edu.br/~cet/originalimages_part1.zip,FEI-research-only,internal_eval,True,True,1,0,0.9139080047607422,"[230.4066925048828, 84.41230010986328, 430.18438720703125, 365.2684020996094]","[[282.69281005859375, 191.95559692382812], [378.7149963378906, 192.24989318847656], [330.7340087890625, 239.7095947265625], [279.17840576171875, 277.2041931152344], [380.1986999511719, 278.0451965332031]]","[[0.3897495, 0.00561505, -74.03379307], [-0.00561505, 0.3897495, -18.16029526]]",0,insightface_scrfd_five_point,aligned,,True,640,480,0.5276307061887254,72.17234721670151,0.00031368446070700884,processed/fei_full/aligned/fei_0007_12.png,d7e302670f2613cc389475812d6ac1f90eb092676b30cf5aef861612e7379d0a,34da13374d4b131f2890f8c98248e1c9ce5d5c1aaf4a8751c718a0bd6f302f84,buffalo_l,5838f7fe053675b1c7a08b633df49e7af5495cee0493c7dcf6697200b85b5b91,7fadd420c2351d0ffa8cac403421c1a3ed733365,"[""CUDAExecutionProvider"", ""CPUExecutionProvider""]"
fei_0007_13,fei_0007,7,13,frontal_scale,derived_visual_protocol_v1,reference,processed/fei_full/source/7-13.jpg,1c16732cc8171d810e99a267cc5dfa35c5d9ee4916f912f8244b30ce83c8c512,originalimages_part1.zip,https://fei.edu.br/~cet/originalimages_part1.zip,FEI-research-only,internal_eval,True,True,1,0,0.9089599847793579,"[224.3072967529297, 95.77349853515625, 418.8059997558594, 367.8367919921875]","[[277.63238525390625, 202.9727020263672], [368.5882873535156, 201.3719940185547], [324.2821960449219, 249.0469970703125], [287.60260009765625, 302.42608642578125], [360.23541259765625, 300.9596862792969]]","[[0.40220363, -0.00270312, -73.47490133], [0.00270312, 0.40220363, -30.07023584]]",0,insightface_scrfd_five_point,aligned,,True,640,480,0.4009911279616013,62.22745435231526,0.012881995178759098,processed/fei_full/aligned/fei_0007_13.png,9c403bd3c92b17a77152b1b656b71995890b9ecfb76e0653031ca60d83249b40,34da13374d4b131f2890f8c98248e1c9ce5d5c1aaf4a8751c718a0bd6f302f84,buffalo_l,5838f7fe053675b1c7a08b633df49e7af5495cee0493c7dcf6697200b85b5b91,7fadd420c2351d0ffa8cac403421c1a3ed733365,"[""CUDAExecutionProvider"", ""CPUExecutionProvider""]"
fei_0007_14,fei_0007,7,14,frontal_low_light,derived_visual_protocol_v1,query,processed/fei_full/source/7-14.jpg,ccd68c06d0fca546d82a442b6d273f00b1548a95b71f60401214ce0bfc7900c3,originalimages_part1.zip,https://fei.edu.br/~cet/originalimages_part1.zip,FEI-research-only,internal_eval,True,True,1,0,0.8898655772209167,"[219.51339721679688, 89.84970092773438, 415.03009033203125, 367.7825927734375]","[[268.5393981933594, 203.46670532226562], [358.3501892089844, 200.69459533691406], [312.2085876464844, 251.90179443359375], [282.4804992675781, 304.81988525390625], [349.5000915527344, 302.4390869140625]]","[[0.40295184, -0.00905502, -68.29978975], [0.00905502, 0.40295184, -32.75603436]]",0,insightface_scrfd_five_point,aligned,,True,640,480,0.10049549377042484,13.012693600082397,-0.01375835295766592,processed/fei_full/aligned/fei_0007_14.png,236d4907c1d206f5430cd800a093d97a00fda3258e0eec5b39b726ef8a70dea2,34da13374d4b131f2890f8c98248e1c9ce5d5c1aaf4a8751c718a0bd6f302f84,buffalo_l,5838f7fe053675b1c7a08b633df49e7af5495cee0493c7dcf6697200b85b5b91,7fadd420c2351d0ffa8cac403421c1a3ed733365,"[""CUDAExecutionProvider"", ""CPUExecutionProvider""]"
fei_0008_01,fei_0008,8,1,left_profile_extreme,derived_visual_protocol_v1,query,processed/fei_full/source/8-01.jpg,fbaa5e982efcbe0de8dc70147a09b86ef5ea31703ef18f2b2039f97dd25d1a51,originalimages_part1.zip,https://fei.edu.br/~cet/originalimages_part1.zip,FEI-research-only,dev,True,True,1,0,0.8323211073875427,"[175.7440948486328, 80.16259765625, 356.66949462890625, 333.099609375]","[[196.59829711914062, 179.08230590820312], [244.08250427246094, 182.22140502929688], [178.80540466308594, 226.45150756835938], [197.85360717773438, 277.4737854003906], [230.0325927734375, 278.6438903808594]]","[[0.42612484, 0.0287686, -39.81763397], [-0.0287686, 0.42612484, -19.55947969]]",0,insightface_scrfd_five_point,aligned,,True,640,480,0.5446763301674836,54.715879839060044,-0.872806191444397,processed/fei_full/aligned/fei_0008_01.png,24261e4f5ffd53ac573ff253f3bdf83c9f598a74b65b7bb054de9b1a95f2526b,34da13374d4b131f2890f8c98248e1c9ce5d5c1aaf4a8751c718a0bd6f302f84,buffalo_l,5838f7fe053675b1c7a08b633df49e7af5495cee0493c7dcf6697200b85b5b91,7fadd420c2351d0ffa8cac403421c1a3ed733365,"[""CUDAExecutionProvider"", ""CPUExecutionProvider""]"
fei_0008_02,fei_0008,8,2,left_profile,derived_visual_protocol_v1,reference,processed/fei_full/source/8-02.jpg,9e1687b428a824c2fca2988ecfffd76561921c44e1d0653a6031c174782d3e8b,originalimages_part1.zip,https://fei.edu.br/~cet/originalimages_part1.zip,FEI-research-only,dev,True,True,1,0,0.8447350859642029,"[200.8730926513672, 79.36289978027344, 382.0820007324219, 334.80841064453125]","[[216.22279357910156, 178.73199462890625], [285.0039978027344, 180.0247039794922], [216.69960021972656, 227.93710327148438], [218.69000244140625, 277.9920959472656], [271.0729064941406, 279.347412109375]]","[[0.41759249, 0.02111165, -49.66873441], [-0.02111165, 0.41759249, -18.54789152]]",0,insightface_scrfd_five_point,aligned,,True,640,480,0.5309936810661765,56.05399761834674,-0.4929801821708679,processed/fei_full/aligned/fei_0008_02.png,e54b656e7c4e06f00664b5d1f695927eaec9b661142514ab87ef51b214da123b,34da13374d4b131f2890f8c98248e1c9ce5d5c1aaf4a8751c718a0bd6f302f84,buffalo_l,5838f7fe053675b1c7a08b633df49e7af5495cee0493c7dcf6697200b85b5b91,7fadd420c2351d0ffa8cac403421c1a3ed733365,"[""CUDAExecutionProvider"", ""CPUExecutionProvider""]"
fei_0008_03,fei_0008,8,3,left_three_quarter,derived_visual_protocol_v1,query,processed/fei_full/source/8-03.jpg,9af169c8bc2fa7dc30c8b0559a43e62351b3a7bff29d200aecfb5ac173cd9243,originalimages_part1.zip,https://fei.edu.br/~cet/originalimages_part1.zip,FEI-research-only,dev,True,True,1,0,0.865104079246521,"[208.77980041503906, 80.81890106201172, 395.3114013671875, 344.2969055175781]","[[229.26780700683594, 182.04879760742188], [305.9418029785156, 187.33050537109375], [237.56100463867188, 235.056396484375], [228.92190551757812, 281.7807922363281], [288.8370056152344, 286.9219970703125]]","[[0.41031162, 0.03619575, -58.37021282], [-0.03619575, 0.41031162, -15.02734899]]",0,insightface_scrfd_five_point,aligned,,True,640,480,0.5294075648488562,57.900641558795506,-0.39091259241104126,processed/fei_full/aligned/fei_0008_03.png,d5ba28d87935bbdd934154177b956e73f418f252837046c103efb34d546c146b,34da13374d4b131f2890f8c98248e1c9ce5d5c1aaf4a8751c718a0bd6f302f84,buffalo_l,5838f7fe053675b1c7a08b633df49e7af5495cee0493c7dcf6697200b85b5b91,7fadd420c2351d0ffa8cac403421c1a3ed733365,"[""CUDAExecutionProvider"", ""CPUExecutionProvider""]"
fei_0008_04,fei_0008,8,4,left_slight,derived_visual_protocol_v1,reference,processed/fei_full/source/8-04.jpg,f2246c20e2da6d1ac4a154201041c2ea825f1e84f91ccecb1dff85ba66eefbb9,originalimages_part1.zip,https://fei.edu.br/~cet/originalimages_part1.zip,FEI-research-only,dev,True,True,1,0,0.8505972623825073,"[212.2406005859375, 79.70880126953125, 399.1697998046875, 342.9505920410156]","[[235.6204071044922, 177.731201171875], [317.20208740234375, 184.5417938232422], [250.3513946533203, 234.92599487304688], [236.7906951904297, 277.42449951171875], [302.4747009277344, 284.0987854003906]]","[[0.40474265, 0.0329816, -60.28562889], [-0.0329816, 0.40474265, -13.04091602]]",0,insightface_scrfd_five_point,aligned,,True,640,480,0.5296805555555556,56.49140854691399,-0.31832602620124817,processed/fei_full/aligned/fei_0008_04.png,8aef5af3fc2d911ae08b20819e326e17bcab1c64c347bb26692de519cb9afadb,34da13374d4b131f2890f8c98248e1c9ce5d5c1aaf4a8751c718a0bd6f302f84,buffalo_l,5838f7fe053675b1c7a08b633df49e7af5495cee0493c7dcf6697200b85b5b91,7fadd420c2351d0ffa8cac403421c1a3ed733365,"[""CUDAExecutionProvider"", ""CPUExecutionProvider""]"
fei_0008_05,fei_0008,8,5,near_frontal_left,derived_visual_protocol_v1,reference,processed/fei_full/source/8-05.jpg,9396b5b0279ef0cdb45dbad60939f802a22610b6e0d374d787c3d22a75f61b9f,originalimages_part1.zip,https://fei.edu.br/~cet/originalimages_part1.zip,FEI-research-only,dev,True,True,1,0,0.8930144309997559,"[219.97579956054688, 78.4220962524414, 408.29150390625, 347.58758544921875]","[[254.80140686035156, 185.3509063720703], [344.7568054199219, 186.252197265625], [288.7029113769531, 240.20700073242188], [262.2113037109375, 285.2356872558594], [334.3168029785156, 286.51409912109375]]","[[0.40009381, 0.00785693, -64.64465775], [-0.00785693, 0.40009381, -20.47303356]]",0,insightface_scrfd_five_point,aligned,,True,640,480,0.5295653339460784,37.081656058745914,-0.12312305718660355,processed/fei_full/aligned/fei_0008_05.png,80a38980082074d196fc885bb46293fcae007c8e048ddfd6764684ceb363963c,34da13374d4b131f2890f8c98248e1c9ce5d5c1aaf4a8751c718a0bd6f302f84,buffalo_l,5838f7fe053675b1c7a08b633df49e7af5495cee0493c7dcf6697200b85b5b91,7fadd420c2351d0ffa8cac403421c1a3ed733365,"[""CUDAExecutionProvider"", ""CPUExecutionProvider""]"
fei_0008_06,fei_0008,8,6,near_frontal_right,derived_visual_protocol_v1,reference,processed/fei_full/source/8-06.jpg,c2d39633e668d7bfe0ddf57f21cca8dfda23a8746e241490802b3553ee1666ec,originalimages_part1.zip,https://fei.edu.br/~cet/originalimages_part1.zip,FEI-research-only,dev,True,True,1,0,0.8759618401527405,"[237.11570739746094, 77.8738021850586, 420.8265075683594, 341.9794921875]","[[297.1990966796875, 181.77330017089844], [384.8454895019531, 177.86659240722656], [351.7919921875, 235.58779907226562], [310.40069580078125, 282.78839111328125], [378.8326110839844, 278.8290100097656]]","[[0.40325142, -0.01421204, -79.6516789], [0.01421204, 0.40325142, -26.29678678]]",0,insightface_scrfd_five_point,aligned,,True,640,480,0.5267672334558823,45.343631178792315,0.12275459617376328,processed/fei_full/aligned/fei_0008_06.png,7d2887d824edb384446a40e3d470e7c61b28dfed022c07908ed7648a09ffdee3,34da13374d4b131f2890f8c98248e1c9ce5d5c1aaf4a8751c718a0bd6f302f84,buffalo_l,5838f7fe053675b1c7a08b633df49e7af5495cee0493c7dcf6697200b85b5b91,7fadd420c2351d0ffa8cac403421c1a3ed733365,"[""CUDAExecutionProvider"", ""CPUExecutionProvider""]"
fei_0008_07,fei_0008,8,7,right_slight,derived_visual_protocol_v1,reference,processed/fei_full/source/8-07.jpg,84fe59c5df31440f53e84b1c11360a0bd5dc5875cde639eb8d2c299c1740539d,originalimages_part1.zip,https://fei.edu.br/~cet/originalimages_part1.zip,FEI-research-only,dev,True,True,1,0,0.8607528209686279,"[247.2200927734375, 78.78839874267578, 433.10400390625, 340.7803955078125]","[[324.93121337890625, 182.10580444335938], [408.6225891113281, 175.75750732421875], [390.27789306640625, 232.11410522460938], [336.1131896972656, 278.7879943847656], [407.544189453125, 272.297607421875]]","[[0.40752013, -0.02356113, -90.80477913], [0.02356113, 0.40752013, -29.90048054]]",0,insightface_scrfd_five_point,aligned,,True,640,480,0.5303301802491831,57.618699513234034,0.28000104427337646,processed/fei_full/aligned/fei_0008_07.png,b421001d907e8d1969e1b9fb811b4a57896e8632f690f97592bb6648d50321d4,34da13374d4b131f2890f8c98248e1c9ce5d5c1aaf4a8751c718a0bd6f302f84,buffalo_l,5838f7fe053675b1c7a08b633df49e7af5495cee0493c7dcf6697200b85b5b91,7fadd420c2351d0ffa8cac403421c1a3ed733365,"[""CUDAExecutionProvider"", ""CPUExecutionProvider""]"
fei_0008_08,fei_0008,8,8,right_three_quarter_expression,derived_visual_protocol_v1,query,processed/fei_full/source/8-08.jpg,16b0f286a8803212d49a388fd231673fef157015a5c3e5765fe48fb0fff34f6b,originalimages_part1.zip,https://fei.edu.br/~cet/originalimages_part1.zip,FEI-research-only,dev,True,True,1,0,0.8594075441360474,"[254.44810485839844, 75.38300323486328, 437.9834899902344, 335.74090576171875]","[[338.3796081542969, 177.02650451660156], [417.3302001953125, 171.0762939453125], [405.3395080566406, 227.39720153808594], [351.66339111328125, 276.6816101074219], [415.72760009765625, 271.1954040527344]]","[[0.4069711, -0.02438732, -95.45849626], [0.02438732, 0.4069711, -28.94151851]]",0,insightface_scrfd_five_point,aligned,,True,640,480,0.52795405688317,57.718879581356035,0.34714022278785706,processed/fei_full/aligned/fei_0008_08.png,e7bc493a2486d3dc98c639c16a56ac551e65e7d1148c03c7d52f2cff8e46bfbb,34da13374d4b131f2890f8c98248e1c9ce5d5c1aaf4a8751c718a0bd6f302f84,buffalo_l,5838f7fe053675b1c7a08b633df49e7af5495cee0493c7dcf6697200b85b5b91,7fadd420c2351d0ffa8cac403421c1a3ed733365,"[""CUDAExecutionProvider"", ""CPUExecutionProvider""]"
fei_0008_09,fei_0008,8,9,right_profile,derived_visual_protocol_v1,reference,processed/fei_full/source/8-09.jpg,40914ffc7a6437194b9c93d0cf9538ef9f9a1687fce66607a161fcb0e28203e0,originalimages_part1.zip,https://fei.edu.br/~cet/originalimages_part1.zip,FEI-research-only,dev,True,True,1,0,0.8363233804702759,"[258.831298828125, 79.38490295410156, 441.54840087890625, 336.4555969238281]","[[356.53021240234375, 181.94110107421875], [424.4570007324219, 175.4718017578125], [425.3771057128906, 228.90049743652344], [367.3627014160156, 276.900390625], [423.96600341796875, 271.6789855957031]]","[[0.42402826, -0.02598772, -107.49085685], [0.02598772, 0.42402826, -34.72763848]]",0,insightface_scrfd_five_point,aligned,,True,640,480,0.5293817657271241,47.43127419022454,0.5112312436103821,processed/fei_full/aligned/fei_0008_09.png,687b2dfccdcae18cd8e6ba480777665a656212da2d218f8800b1836c2aab8b91,34da13374d4b131f2890f8c98248e1c9ce5d5c1aaf4a8751c718a0bd6f302f84,buffalo_l,5838f7fe053675b1c7a08b633df49e7af5495cee0493c7dcf6697200b85b5b91,7fadd420c2351d0ffa8cac403421c1a3ed733365,"[""CUDAExecutionProvider"", ""CPUExecutionProvider""]"
fei_0008_10,fei_0008,8,10,right_profile_extreme,derived_visual_protocol_v1,query,processed/fei_full/source/8-10.jpg,2f7f3b2baaaee92aaeab0611516fe886d15a1d0fd9b95504e3bb75e434afea8d,originalimages_part1.zip,https://fei.edu.br/~cet/originalimages_part1.zip,FEI-research-only,dev,True,True,1,0,0.8365934491157532,"[297.5003967285156, 76.85759735107422, 476.6152038574219, 326.48260498046875]","[[413.06561279296875, 175.87469482421875], [457.39129638671875, 172.3594970703125], [476.76141357421875, 220.24200439453125], [422.4728088378906, 270.8584899902344], [454.92169189453125, 269.123291015625]]","[[0.43007399, -0.01611343, -131.75124257], [0.01611343, 0.43007399, -30.61222645]]",0,insightface_scrfd_five_point,aligned,,True,640,480,0.5292171670751634,56.90525584105385,0.9340634942054749,processed/fei_full/aligned/fei_0008_10.png,00d66a6230b997db8199877f4e938d3f8ab949d01fb0d6b0915b37ec8ba8b75e,34da13374d4b131f2890f8c98248e1c9ce5d5c1aaf4a8751c718a0bd6f302f84,buffalo_l,5838f7fe053675b1c7a08b633df49e7af5495cee0493c7dcf6697200b85b5b91,7fadd420c2351d0ffa8cac403421c1a3ed733365,"[""CUDAExecutionProvider"", ""CPUExecutionProvider""]"
fei_0008_11,fei_0008,8,11,frontal_neutral,derived_visual_protocol_v1,reference,processed/fei_full/source/8-11.jpg,eaa49481d6a1adffb6ef8ec6358e95c24c93d7d1dcc3f92699ff8dd41eb8646a,originalimages_part1.zip,https://fei.edu.br/~cet/originalimages_part1.zip,FEI-research-only,dev,True,True,1,0,0.8948119878768921,"[221.4123992919922, 77.26969909667969, 406.20709228515625, 345.42950439453125]","[[264.5180969238281, 183.4803924560547], [353.3075866699219, 184.55029296875], [304.4728088378906, 240.4300994873047], [272.135498046875, 282.91729736328125], [344.60760498046875, 283.9844055175781]]","[[0.40383745, 0.00561981, -69.59941775], [-0.00561981, 0.40383745, -21.30047865]]",0,insightface_scrfd_five_point,aligned,,True,640,480,0.5281695644403595,43.745696410963276,-0.050001971423625946,processed/fei_full/aligned/fei_0008_11.png,42b2fc75701fb4ac8142602b58e50e8ae19f6b7e1977b000760e2657a08120cc,34da13374d4b131f2890f8c98248e1c9ce5d5c1aaf4a8751c718a0bd6f302f84,buffalo_l,5838f7fe053675b1c7a08b633df49e7af5495cee0493c7dcf6697200b85b5b91,7fadd420c2351d0ffa8cac403421c1a3ed733365,"[""CUDAExecutionProvider"", ""CPUExecutionProvider""]"
fei_0008_12,fei_0008,8,12,frontal_smile,derived_visual_protocol_v1,query,processed/fei_full/source/8-12.jpg,c52ace1bd50d73b3e39b67c36fa5c5dae2df76c6d914cc385d342e36824a6948,originalimages_part1.zip,https://fei.edu.br/~cet/originalimages_part1.zip,FEI-research-only,dev,True,True,1,0,0.906466543674469,"[221.70950317382812, 75.75150299072266, 407.7430114746094, 347.0086975097656]","[[264.9501037597656, 185.30279541015625], [354.7681884765625, 185.91799926757812], [305.2309875488281, 242.8842010498047], [265.5798034667969, 272.08349609375], [354.5018005371094, 273.0697021484375]]","[[0.40810454, 0.00335016, -70.85739848], [-0.00335016, 0.40810454, -21.68370663]]",0,insightface_scrfd_five_point,aligned,,True,640,480,0.5254011310253268,46.144633980263606,-0.05152711644768715,processed/fei_full/aligned/fei_0008_12.png,e01aac3ccc1690f32800c757f7692002e6fdde008eb8ed68b9e03bf2f312260a,34da13374d4b131f2890f8c98248e1c9ce5d5c1aaf4a8751c718a0bd6f302f84,buffalo_l,5838f7fe053675b1c7a08b633df49e7af5495cee0493c7dcf6697200b85b5b91,7fadd420c2351d0ffa8cac403421c1a3ed733365,"[""CUDAExecutionProvider"", ""CPUExecutionProvider""]"
fei_0008_13,fei_0008,8,13,frontal_scale,derived_visual_protocol_v1,reference,processed/fei_full/source/8-13.jpg,658e5fc963cf9a0c9a97ce5fe0769a98bcd8438b2ec315e0cfc10d5ade9b8b8b,originalimages_part1.zip,https://fei.edu.br/~cet/originalimages_part1.zip,FEI-research-only,dev,True,True,1,0,0.9026589393615723,"[221.15159606933594, 83.22579956054688, 406.94378662109375, 350.7135009765625]","[[261.341796875, 188.52169799804688], [351.7124938964844, 188.7613067626953], [300.4787902832031, 247.25619506835938], [270.21258544921875, 289.293701171875], [342.04150390625, 289.8363037109375]]","[[0.39840903, 0.00383357, -66.47418673], [-0.00383357, 0.39840903, -22.83991433]]",0,insightface_scrfd_five_point,aligned,,True,640,480,0.4004132838031046,30.464485641098022,-0.06692852079868317,processed/fei_full/aligned/fei_0008_13.png,f101a7d0b6d0cf5c7bbfeb27c3c150cf94a0f689e58cf759457418768c88442e,34da13374d4b131f2890f8c98248e1c9ce5d5c1aaf4a8751c718a0bd6f302f84,buffalo_l,5838f7fe053675b1c7a08b633df49e7af5495cee0493c7dcf6697200b85b5b91,7fadd420c2351d0ffa8cac403421c1a3ed733365,"[""CUDAExecutionProvider"", ""CPUExecutionProvider""]"
fei_0008_14,fei_0008,8,14,frontal_low_light,derived_visual_protocol_v1,query,processed/fei_full/source/8-14.jpg,eec1777ebedf3e77d71e4ac5eceb3c13bd2763446e5c4cf730dc174628ec64e6,originalimages_part1.zip,https://fei.edu.br/~cet/originalimages_part1.zip,FEI-research-only,dev,True,True,1,0,0.8586050271987915,"[219.49710083007812, 80.53089904785156, 408.66448974609375, 345.2107849121094]","[[260.8320007324219, 186.46249389648438], [352.4851989746094, 186.28610229492188], [302.08819580078125, 245.33059692382812], [273.1969909667969, 287.5889892578125], [341.0205993652344, 287.5295104980469]]","[[0.39968291, 0.00084601, -66.4485607], [-0.00084601, 0.39968291, -23.22054693]]",0,insightface_scrfd_five_point,aligned,,True,640,480,0.10124204707924837,11.481942869557274,-0.0498662069439888,processed/fei_full/aligned/fei_0008_14.png,fd130cd472460a380747cfa335cf9c259f136f29f6e617c23e590f96acd24ef9,34da13374d4b131f2890f8c98248e1c9ce5d5c1aaf4a8751c718a0bd6f302f84,buffalo_l,5838f7fe053675b1c7a08b633df49e7af5495cee0493c7dcf6697200b85b5b91,7fadd420c2351d0ffa8cac403421c1a3ed733365,"[""CUDAExecutionProvider"", ""CPUExecutionProvider""]"
fei_0009_01,fei_0009,9,1,left_profile_extreme,derived_visual_protocol_v1,query,processed/fei_full/source/9-01.jpg,4c852755673de5113b38f1be1ad127a5924bac5fe104a892044daa7255f13d19,originalimages_part1.zip,https://fei.edu.br/~cet/originalimages_part1.zip,FEI-research-only,dev,True,True,1,0,0.8577654361724854,"[176.2825927734375, 100.9312973022461, 361.93280029296875, 397.5960998535156]","[[197.4947967529297, 217.55859375], [240.82530212402344, 215.43910217285156], [174.28829956054688, 267.8533935546875], [202.0218048095703, 326.9775085449219], [234.5570068359375, 323.57440185546875]]","[[0.38027134, -0.00183869, -23.27203789], [0.00183869, 0.38027134, -31.26500243]]",0,insightface_scrfd_five_point,aligned,,True,640,480,0.5279811197916666,43.142094362375474,-1.0343310832977295,processed/fei_full/aligned/fei_0009_01.png,f5cbb03b7a1a713bf010fecdf406b8c73aaf031d123031dfada6be0b3d2e250c,34da13374d4b131f2890f8c98248e1c9ce5d5c1aaf4a8751c718a0bd6f302f84,buffalo_l,5838f7fe053675b1c7a08b633df49e7af5495cee0493c7dcf6697200b85b5b91,7fadd420c2351d0ffa8cac403421c1a3ed733365,"[""CUDAExecutionProvider"", ""CPUExecutionProvider""]"
fei_0009_02,fei_0009,9,2,left_profile,derived_visual_protocol_v1,reference,processed/fei_full/source/9-02.jpg,99fa270d986ff6e928b30248add18aeae37ad0289e085ac3b5c4fb4db370f146,originalimages_part1.zip,https://fei.edu.br/~cet/originalimages_part1.zip,FEI-research-only,dev,True,True,1,0,0.8850025534629822,"[196.89259338378906, 87.08419799804688, 389.93438720703125, 376.8327941894531]","[[218.2241973876953, 201.485595703125], [294.247802734375, 195.14340209960938], [224.76210021972656, 247.30889892578125], [222.94859313964844, 311.818603515625], [279.19940185546875, 307.1816101074219]]","[[0.37993993, 0.00358142, -39.05659711], [-0.00358142, 0.37993993, -23.1795859]]",0,insightface_scrfd_five_point,aligned,,True,640,480,0.5177291666666667,24.177784385161928,-0.4125688374042511,processed/fei_full/aligned/fei_0009_02.png,96e504c361be56bad1434b6852abce0223da4b05fbefc88cb38f4f49bbdd5d5e,34da13374d4b131f2890f8c98248e1c9ce5d5c1aaf4a8751c718a0bd6f302f84,buffalo_l,5838f7fe053675b1c7a08b633df49e7af5495cee0493c7dcf6697200b85b5b91,7fadd420c2351d0ffa8cac403421c1a3ed733365,"[""CUDAExecutionProvider"", ""CPUExecutionProvider""]"
fei_0009_03,fei_0009,9,3,left_three_quarter,derived_visual_protocol_v1,query,processed/fei_full/source/9-03.jpg,eb93c235a2e9f0d725adba85156779535ff55075c29bac0bee28c514cd6517c1,originalimages_part1.zip,https://fei.edu.br/~cet/originalimages_part1.zip,FEI-research-only,dev,True,True,1,0,0.8176444172859192,"[207.7261962890625, 92.44249725341797, 402.3965148925781, 386.2591857910156]","[[231.19039916992188, 207.1992950439453], [313.53399658203125, 200.61610412597656], [248.47900390625, 254.65570068359375], [239.18389892578125, 314.5321960449219], [305.96881103515625, 310.26129150390625]]","[[0.3823543, -0.00855022, -44.1178064], [0.00855022, 0.3823543, -28.82610556]]",0,insightface_scrfd_five_point,aligned,,True,640,480,0.5146443908292484,35.7089320203993,-0.28912004828453064,processed/fei_full/aligned/fei_0009_03.png,3cc9592104c00611852cf7fc954915e3abd30db6449871cf99c5aeb94584efb8,34da13374d4b131f2890f8c98248e1c9ce5d5c1aaf4a8751c718a0bd6f302f84,buffalo_l,5838f7fe053675b1c7a08b633df49e7af5495cee0493c7dcf6697200b85b5b91,7fadd420c2351d0ffa8cac403421c1a3ed733365,"[""CUDAExecutionProvider"", ""CPUExecutionProvider""]"
fei_0009_04,fei_0009,9,4,left_slight,derived_visual_protocol_v1,reference,processed/fei_full/source/9-04.jpg,eebfb2405f1402f3f0cb79ca222ea93940783683f4c826411ee767fae46995af,originalimages_part1.zip,https://fei.edu.br/~cet/originalimages_part1.zip,FEI-research-only,dev,True,True,1,0,0.9025774598121643,"[218.6750030517578, 101.77220153808594, 417.93609619140625, 395.3948059082031]","[[246.87710571289062, 218.0800018310547], [334.7268981933594, 212.04319763183594], [271.09130859375, 263.17840576171875], [256.6275939941406, 325.4106140136719], [324.9057922363281, 321.1976013183594]]","[[0.38034793, -0.00717137, -51.15323368], [0.00717137, 0.38034793, -32.08268491]]",0,insightface_scrfd_five_point,aligned,,True,640,480,0.5191091196895425,25.23947245660358,-0.2238406091928482,processed/fei_full/aligned/fei_0009_04.png,c5ea000e92303179c03c7686e0e355290339a12a65b74e012f7804e8d277aa58,34da13374d4b131f2890f8c98248e1c9ce5d5c1aaf4a8751c718a0bd6f302f84,buffalo_l,5838f7fe053675b1c7a08b633df49e7af5495cee0493c7dcf6697200b85b5b91,7fadd420c2351d0ffa8cac403421c1a3ed733365,"[""CUDAExecutionProvider"", ""CPUExecutionProvider""]"
fei_0009_05,fei_0009,9,5,near_frontal_left,derived_visual_protocol_v1,reference,processed/fei_full/source/9-05.jpg,9c1243cf1f27883223e5bc8b2f13269836d9aa822a03740ac837a18a5dbb4d0e,originalimages_part1.zip,https://fei.edu.br/~cet/originalimages_part1.zip,FEI-research-only,dev,True,True,1,0,0.9029471278190613,"[226.7718048095703, 100.26069641113281, 427.0409851074219, 402.4283142089844]","[[266.152587890625, 218.9488067626953], [360.4639892578125, 212.35870361328125], [307.12359619140625, 263.7666931152344], [279.8171081542969, 327.0078125], [355.3341064453125, 322.1455078125]]","[[0.37291622, -0.01668632, -56.50081067], [0.01668632, 0.37291622, -33.59187856]]",0,insightface_scrfd_five_point,aligned,,True,640,480,0.5185648999183006,24.827450329579246,-0.0654178038239479,processed/fei_full/aligned/fei_0009_05.png,0d2bfb7e88898ab70f7b23d093f142e58bea4863a414717fe5f2a938dd79508e,34da13374d4b131f2890f8c98248e1c9ce5d5c1aaf4a8751c718a0bd6f302f84,buffalo_l,5838f7fe053675b1c7a08b633df49e7af5495cee0493c7dcf6697200b85b5b91,7fadd420c2351d0ffa8cac403421c1a3ed733365,"[""CUDAExecutionProvider"", ""CPUExecutionProvider""]"
fei_0009_06,fei_0009,9,6,near_frontal_right,derived_visual_protocol_v1,reference,processed/fei_full/source/9-06.jpg,581a9df0a993b03ffa4a20bf6dcbdab31f1d5d81c5957836376b4a248665c672,originalimages_part1.zip,https://fei.edu.br/~cet/originalimages_part1.zip,FEI-research-only,dev,True,True,1,0,0.8516811728477478,"[242.4871063232422, 91.13379669189453, 442.25421142578125, 385.3548889160156]","[[306.59051513671875, 205.26730346679688], [399.9891052246094, 202.08580017089844], [362.9331970214844, 250.152099609375], [320.2264099121094, 311.2102966308594], [394.922607421875, 308.36669921875]]","[[0.38098798, -0.01250009, -76.76805454], [0.01250009, 0.38098798, -29.87149773]]",0,insightface_scrfd_five_point,aligned,,True,640,480,0.5167077588848039,25.464960338581935,0.10319048911333084,processed/fei_full/aligned/fei_0009_06.png,0783ad1acfaf592b00d0d4450c69e4c965e35abab9c7f5bb132b83cd99397c0d,34da13374d4b131f2890f8c98248e1c9ce5d5c1aaf4a8751c718a0bd6f302f84,buffalo_l,5838f7fe053675b1c7a08b633df49e7af5495cee0493c7dcf6697200b85b5b91,7fadd420c2351d0ffa8cac403421c1a3ed733365,"[""CUDAExecutionProvider"", ""CPUExecutionProvider""]"
fei_0009_07,fei_0009,9,7,right_slight,derived_visual_protocol_v1,reference,processed/fei_full/source/9-07.jpg,8f111c28bdc9ea47f9927bbddba7b0ef5ef0d1d80ed689ca66a63f69ec5a98a3,originalimages_part1.zip,https://fei.edu.br/~cet/originalimages_part1.zip,FEI-research-only,dev,True,True,1,0,0.8639774918556213,"[244.17640686035156, 92.45449829101562, 444.352294921875, 387.4570007324219]","[[329.46258544921875, 206.30279541015625], [413.9212951660156, 206.1876983642578], [397.3143005371094, 248.60260009765625], [346.1034851074219, 313.0221862792969], [414.048095703125, 311.91571044921875]]","[[0.38469444, -0.01797616, -85.59953708], [0.01797616, 0.38469444, -33.87901368]]",0,insightface_scrfd_five_point,aligned,,True,640,480,0.5180180504493463,31.867512511147392,0.3033708333969116,processed/fei_full/aligned/fei_0009_07.png,d9de1221991eb9cf4f8803ded792c19acfe51478b5b9f575e3cabb09e2890518,34da13374d4b131f2890f8c98248e1c9ce5d5c1aaf4a8751c718a0bd6f302f84,buffalo_l,5838f7fe053675b1c7a08b633df49e7af5495cee0493c7dcf6697200b85b5b91,7fadd420c2351d0ffa8cac403421c1a3ed733365,"[""CUDAExecutionProvider"", ""CPUExecutionProvider""]"
fei_0009_08,fei_0009,9,8,right_three_quarter_expression,derived_visual_protocol_v1,query,processed/fei_full/source/9-08.jpg,62badcaba1a9dc737fa0fd8d0ece48731d69e7c171ee46d18347ac0df5eed4fc,originalimages_part1.zip,https://fei.edu.br/~cet/originalimages_part1.zip,FEI-research-only,dev,True,True,1,0,0.8604999780654907,"[263.5736083984375, 98.82839965820312, 459.4670104980469, 389.4195861816406]","[[357.7575988769531, 209.7073974609375], [434.1471862792969, 208.88729858398438], [429.15618896484375, 252.88729858398438], [374.2640075683594, 316.17498779296875], [436.33099365234375, 314.8299865722656]]","[[0.38831599, -0.02203059, -96.01981952], [0.02203059, 0.38831599, -38.20624394]]",0,insightface_scrfd_five_point,aligned,,True,640,480,0.5158696257148693,28.275499175347225,0.4346398413181305,processed/fei_full/aligned/fei_0009_08.png,558fe8d595cbfb8ef897b7030292280f5850b578d8bca2a4e1e549cfb61272ca,34da13374d4b131f2890f8c98248e1c9ce5d5c1aaf4a8751c718a0bd6f302f84,buffalo_l,5838f7fe053675b1c7a08b633df49e7af5495cee0493c7dcf6697200b85b5b91,7fadd420c2351d0ffa8cac403421c1a3ed733365,"[""CUDAExecutionProvider"", ""CPUExecutionProvider""]"
fei_0009_09,fei_0009,9,9,right_profile,derived_visual_protocol_v1,reference,processed/fei_full/source/9-09.jpg,0dca76a0fb85a9f89ccb73505bf658ca6054648c90b377a2e50b5bea02811cc0,originalimages_part1.zip,https://fei.edu.br/~cet/originalimages_part1.zip,FEI-research-only,dev,True,True,1,0,0.8626552224159241,"[263.6654052734375, 109.13780212402344, 454.2925109863281, 394.0220031738281]","[[372.1907958984375, 217.31869506835938], [435.71978759765625, 218.07960510253906], [443.62939453125, 265.1817932128906], [383.9057922363281, 323.4552917480469], [433.4493103027344, 324.43890380859375]]","[[0.39288154, -0.00789991, -104.4093997], [0.00789991, 0.39288154, -37.32617914]]",0,insightface_scrfd_five_point,aligned,,True,640,480,0.5127843647875817,32.408705658711334,0.624459981918335,processed/fei_full/aligned/fei_0009_09.png,9630bd1ba077e34466ef64924841afc8f73b424701ba130dd9a799ea650164b0,34da13374d4b131f2890f8c98248e1c9ce5d5c1aaf4a8751c718a0bd6f302f84,buffalo_l,5838f7fe053675b1c7a08b633df49e7af5495cee0493c7dcf6697200b85b5b91,7fadd420c2351d0ffa8cac403421c1a3ed733365,"[""CUDAExecutionProvider"", ""CPUExecutionProvider""]"
fei_0009_10,fei_0009,9,10,right_profile_extreme,derived_visual_protocol_v1,query,processed/fei_full/source/9-10.jpg,02312f0fc3ce30eb45f081a2bc7e10e3d3868423619595d0acd167463e677857,originalimages_part1.zip,https://fei.edu.br/~cet/originalimages_part1.zip,FEI-research-only,dev,True,True,1,0,0.8039273619651794,"[308.07659912109375, 110.85970306396484, 483.4021911621094, 388.2524108886719]","[[432.20458984375, 212.95849609375], [453.1238098144531, 209.15280151367188], [488.26031494140625, 262.7413024902344], [440.99578857421875, 320.66400146484375], [455.04638671875, 319.11309814453125]]","[[0.36579737, -0.01994107, -104.73594656], [0.01994107, 0.36579737, -34.06020471]]",0,insightface_scrfd_five_point,aligned,,True,640,480,0.49892437704248366,29.399504027801086,2.1444263458251953,processed/fei_full/aligned/fei_0009_10.png,ec855aef4b1265641566a88fb0d6dbca1a23b5d9d96ac9e29dd0940ce99a2e81,34da13374d4b131f2890f8c98248e1c9ce5d5c1aaf4a8751c718a0bd6f302f84,buffalo_l,5838f7fe053675b1c7a08b633df49e7af5495cee0493c7dcf6697200b85b5b91,7fadd420c2351d0ffa8cac403421c1a3ed733365,"[""CUDAExecutionProvider"", ""CPUExecutionProvider""]"
fei_0009_11,fei_0009,9,11,frontal_neutral,derived_visual_protocol_v1,reference,processed/fei_full/source/9-11.jpg,bf1d941011a0aebbde8a4c1a062ca76bf644f2e4dadbca92268d313c43a2b8c8,originalimages_part1.zip,https://fei.edu.br/~cet/originalimages_part1.zip,FEI-research-only,dev,True,True,1,0,0.8552337288856506,"[224.21119689941406, 85.02619934082031, 427.6274108886719, 395.8924865722656]","[[279.48590087890625, 206.66830444335938], [374.9591064453125, 204.7003936767578], [330.32049560546875, 257.8356018066406], [292.03900146484375, 317.3927001953125], [367.2331848144531, 315.8168029785156]]","[[0.37006778, -0.00583823, -64.13415094], [0.00583823, 0.37006778, -26.41514876]]",0,insightface_scrfd_five_point,aligned,,True,640,480,0.5151653645833334,31.20116245507134,0.032442573457956314,processed/fei_full/aligned/fei_0009_11.png,f2196034984cf80bb9dd1d31fe951284ec9a5406f399bcb2e6ff82edbbaf18a0,34da13374d4b131f2890f8c98248e1c9ce5d5c1aaf4a8751c718a0bd6f302f84,buffalo_l,5838f7fe053675b1c7a08b633df49e7af5495cee0493c7dcf6697200b85b5b91,7fadd420c2351d0ffa8cac403421c1a3ed733365,"[""CUDAExecutionProvider"", ""CPUExecutionProvider""]"
fei_0009_12,fei_0009,9,12,frontal_smile,derived_visual_protocol_v1,query,processed/fei_full/source/9-12.jpg,4cc34a2b1c5cf8b397f8df95ea96c6cbe24603bb8a5d70881830189c7e1a2ccc,originalimages_part1.zip,https://fei.edu.br/~cet/originalimages_part1.zip,FEI-research-only,dev,True,True,1,0,0.868980884552002,"[214.3238067626953, 81.93280029296875, 416.98388671875, 392.29998779296875]","[[268.5003967285156, 203.42660522460938], [363.3544006347656, 198.87069702148438], [317.8494873046875, 251.5850067138672], [275.4128112792969, 304.7897033691406], [360.801513671875, 301.3005065917969]]","[[0.38083166, -0.00973188, -62.31505891], [0.00973188, 0.38083166, -27.15349875]]",0,insightface_scrfd_five_point,aligned,,True,640,480,0.5234677670547385,27.95679643402099,0.0202403012663126,processed/fei_full/aligned/fei_0009_12.png,cd374f89cde48238664967fdbfc810f6a19e425ddb2c46688b12bda40b1a3270,34da13374d4b131f2890f8c98248e1c9ce5d5c1aaf4a8751c718a0bd6f302f84,buffalo_l,5838f7fe053675b1c7a08b633df49e7af5495cee0493c7dcf6697200b85b5b91,7fadd420c2351d0ffa8cac403421c1a3ed733365,"[""CUDAExecutionProvider"", ""CPUExecutionProvider""]"
fei_0009_13,fei_0009,9,13,frontal_scale,derived_visual_protocol_v1,reference,processed/fei_full/source/9-13.jpg,c0c5fb60c31ba78f026bdbd2777bab237428928c8dcadc75fee46cd0dafe02bd,originalimages_part1.zip,https://fei.edu.br/~cet/originalimages_part1.zip,FEI-research-only,dev,True,True,1,0,0.8883901238441467,"[225.42300415039062, 84.9269027709961, 426.5907897949219, 385.2381896972656]","[[278.9281005859375, 198.31219482421875], [373.1946105957031, 194.81320190429688], [327.84210205078125, 241.8863983154297], [290.39678955078125, 305.5805969238281], [366.2456970214844, 303.2366027832031]]","[[0.37625271, -0.0077773, -65.19470423], [0.0077773, 0.37625271, -24.24371267]]",0,insightface_scrfd_five_point,aligned,,True,640,480,0.5420801547181373,30.229639264329276,0.01887805201113224,processed/fei_full/aligned/fei_0009_13.png,8b8132c586887ea532860508cfd1e38c369135f7cab996aca1845d93dd06d612,34da13374d4b131f2890f8c98248e1c9ce5d5c1aaf4a8751c718a0bd6f302f84,buffalo_l,5838f7fe053675b1c7a08b633df49e7af5495cee0493c7dcf6697200b85b5b91,7fadd420c2351d0ffa8cac403421c1a3ed733365,"[""CUDAExecutionProvider"", ""CPUExecutionProvider""]"
fei_0009_14,fei_0009,9,14,frontal_low_light,derived_visual_protocol_v1,query,processed/fei_full/source/9-14.jpg,a6801955fead03afae65abdcefbcb0492d5dac9b95c424aa1c93660ec7a5c707,originalimages_part1.zip,https://fei.edu.br/~cet/originalimages_part1.zip,FEI-research-only,dev,True,True,1,0,0.8535684943199158,"[234.84039306640625, 86.48249816894531, 432.3241882324219, 386.57110595703125]","[[285.8581848144531, 204.2012939453125], [378.3617858886719, 200.55360412597656], [333.25, 250.4884033203125], [299.58099365234375, 313.1571960449219], [370.7744140625, 310.41619873046875]]","[[0.37808478, -0.01006497, -67.51544852], [0.01006497, 0.37808478, -28.15676702]]",0,insightface_scrfd_five_point,aligned,,True,640,480,0.5178722681781046,25.783728454420302,0.012314432300627232,processed/fei_full/aligned/fei_0009_14.png,fcadfd62adb4a6d24677485c820a470e6f6e85ae29e44439ed24428c8f14d8c9,34da13374d4b131f2890f8c98248e1c9ce5d5c1aaf4a8751c718a0bd6f302f84,buffalo_l,5838f7fe053675b1c7a08b633df49e7af5495cee0493c7dcf6697200b85b5b91,7fadd420c2351d0ffa8cac403421c1a3ed733365,"[""CUDAExecutionProvider"", ""CPUExecutionProvider""]"
fei_0010_01,fei_0010,10,1,left_profile_extreme,derived_visual_protocol_v1,query,processed/fei_full/source/10-01.jpg,9305e9a443276a914f7de69794fb207d4d583c138f7e54b9c328f68688ada3a1,originalimages_part1.zip,https://fei.edu.br/~cet/originalimages_part1.zip,FEI-research-only,internal_eval,True,True,1,0,0.7879271507263184,"[179.52459716796875, 119.06629943847656, 341.2742004394531, 362.4317932128906]","[[204.64959716796875, 215.8218994140625], [232.7097930908203, 222.41690063476562], [178.3260955810547, 261.75030517578125], [203.04299926757812, 305.3772888183594], [223.3323974609375, 308.9779968261719]]","[[0.45795121, 0.0429863, -50.71619862], [-0.0429863, 0.45795121, -39.52148114]]",0,insightface_scrfd_five_point,aligned,,True,640,480,0.5117449576184641,28.504911267079247,-1.3999627828598022,processed/fei_full/aligned/fei_0010_01.png,32b469af471f0c9146889694784fe0ab8e70c7610548cecd34c872914325d233,34da13374d4b131f2890f8c98248e1c9ce5d5c1aaf4a8751c718a0bd6f302f84,buffalo_l,5838f7fe053675b1c7a08b633df49e7af5495cee0493c7dcf6697200b85b5b91,7fadd420c2351d0ffa8cac403421c1a3ed733365,"[""CUDAExecutionProvider"", ""CPUExecutionProvider""]"
fei_0010_02,fei_0010,10,2,left_profile,derived_visual_protocol_v1,reference,processed/fei_full/source/10-02.jpg,83e7a3bfbd9663f3a1784d3ff8d14c86f74299adb337e3a61243c574c2be158e,originalimages_part1.zip,https://fei.edu.br/~cet/originalimages_part1.zip,FEI-research-only,internal_eval,True,True,1,0,0.847996711730957,"[216.714599609375, 117.47799682617188, 402.4599914550781, 371.2637023925781]","[[237.65530395507812, 213.4290008544922], [306.1553039550781, 219.31480407714844], [238.80209350585938, 267.4035949707031], [239.19509887695312, 308.8753967285156], [294.7109069824219, 314.0069885253906]]","[[0.42809161, 0.02967181, -64.54331058], [-0.02967181, 0.42809161, -33.56211033]]",0,insightface_scrfd_five_point,aligned,,True,640,480,0.5108223039215687,44.55187990899616,-0.48148494958877563,processed/fei_full/aligned/fei_0010_02.png,6456befec8247cd6bcf1fe0b2b5701cfeec14510abbb23e3baf56adbd0b680e8,34da13374d4b131f2890f8c98248e1c9ce5d5c1aaf4a8751c718a0bd6f302f84,buffalo_l,5838f7fe053675b1c7a08b633df49e7af5495cee0493c7dcf6697200b85b5b91,7fadd420c2351d0ffa8cac403421c1a3ed733365,"[""CUDAExecutionProvider"", ""CPUExecutionProvider""]"
fei_0010_03,fei_0010,10,3,left_three_quarter,derived_visual_protocol_v1,query,processed/fei_full/source/10-03.jpg,4e3149ec69d3804b66400e9fe0bdffb25224d152534a2e707d2282f08e5031ce,originalimages_part1.zip,https://fei.edu.br/~cet/originalimages_part1.zip,FEI-research-only,internal_eval,True,True,1,0,0.8414855003356934,"[211.51739501953125, 110.5374984741211, 397.2976989746094, 365.0989990234375]","[[236.6529998779297, 211.08509826660156], [310.93939208984375, 209.71640014648438], [251.67340087890625, 260.7643127441406], [244.08290100097656, 305.21160888671875], [303.9429931640625, 304.6919860839844]]","[[0.43388917, -0.00076943, -60.6901573], [0.00076943, 0.43388917, -40.37746975]]",0,insightface_scrfd_five_point,aligned,,True,640,480,0.5093338567197712,47.62012614609401,-0.2977526783943176,processed/fei_full/aligned/fei_0010_03.png,23d17b48db924110a589143c64074ba05ff4dd68928b2fd729676c0921f4bdcf,34da13374d4b131f2890f8c98248e1c9ce5d5c1aaf4a8751c718a0bd6f302f84,buffalo_l,5838f7fe053675b1c7a08b633df49e7af5495cee0493c7dcf6697200b85b5b91,7fadd420c2351d0ffa8cac403421c1a3ed733365,"[""CUDAExecutionProvider"", ""CPUExecutionProvider""]"
fei_0010_04,fei_0010,10,4,left_slight,derived_visual_protocol_v1,reference,processed/fei_full/source/10-04.jpg,b68ea528ed5ca3a786919b9f5293f60b504f96fccea0139d16fb354958f10d13,originalimages_part1.zip,https://fei.edu.br/~cet/originalimages_part1.zip,FEI-research-only,internal_eval,True,True,1,0,0.8834404349327087,"[213.468994140625, 110.50540161132812, 407.1453857421875, 363.1459045410156]","[[249.81260681152344, 206.7593994140625], [332.0434875488281, 207.57870483398438], [275.6578063964844, 258.88140869140625], [256.51959228515625, 300.5921936035156], [323.1108093261719, 301.71759033203125]]","[[0.42688689, 0.00741085, -68.56400396], [-0.00741085, 0.42688689, -34.8704757]]",0,insightface_scrfd_five_point,aligned,,True,640,480,0.5139716605392157,40.133814102130465,-0.18569143116474152,processed/fei_full/aligned/fei_0010_04.png,18c68d8f6958e5be3f7bfbfd52a3ad04255d0542cb2b0466e2441a2b3673c7da,34da13374d4b131f2890f8c98248e1c9ce5d5c1aaf4a8751c718a0bd6f302f84,buffalo_l,5838f7fe053675b1c7a08b633df49e7af5495cee0493c7dcf6697200b85b5b91,7fadd420c2351d0ffa8cac403421c1a3ed733365,"[""CUDAExecutionProvider"", ""CPUExecutionProvider""]"
fei_0010_05,fei_0010,10,5,near_frontal_left,derived_visual_protocol_v1,reference,processed/fei_full/source/10-05.jpg,a278ee542a1f9dc8f96827ef0c16b0c0acddd19ebbe4a3f812425792b64839a3,originalimages_part1.zip,https://fei.edu.br/~cet/originalimages_part1.zip,FEI-research-only,internal_eval,True,True,1,0,0.8830498456954956,"[224.13330078125, 115.72429656982422, 416.7627868652344, 367.3052062988281]","[[270.4707946777344, 211.9593963623047], [357.08209228515625, 212.81179809570312], [309.0486145019531, 261.11700439453125], [278.8561096191406, 305.5552978515625], [348.45550537109375, 306.394287109375]]","[[0.42458116, 0.00445702, -77.93234506], [-0.00445702, 0.42458116, -36.91264099]]",0,insightface_scrfd_five_point,aligned,,True,640,480,0.5129694648692811,37.469508675034845,-0.05458461120724678,processed/fei_full/aligned/fei_0010_05.png,8ac8eb5307c1e33230892cc9323066c975211ffa230b4c3bff35e310b47ebb4a,34da13374d4b131f2890f8c98248e1c9ce5d5c1aaf4a8751c718a0bd6f302f84,buffalo_l,5838f7fe053675b1c7a08b633df49e7af5495cee0493c7dcf6697200b85b5b91,7fadd420c2351d0ffa8cac403421c1a3ed733365,"[""CUDAExecutionProvider"", ""CPUExecutionProvider""]"
fei_0010_06,fei_0010,10,6,near_frontal_right,derived_visual_protocol_v1,reference,processed/fei_full/source/10-06.jpg,676ab6347a75f167ed64636103ca9bade509be9e2dae32f7a7d0856e0ef63cb0,originalimages_part1.zip,https://fei.edu.br/~cet/originalimages_part1.zip,FEI-research-only,internal_eval,True,True,1,0,0.8668356537818909,"[237.2021942138672, 115.94969940185547, 429.14788818359375, 368.9993896484375]","[[304.5790100097656, 215.17709350585938], [391.422607421875, 216.51040649414062], [358.3041076660156, 265.79998779296875], [314.0555114746094, 309.9919128417969], [381.68170166015625, 310.3569030761719]]","[[0.42222087, 0.00472913, -93.00122105], [-0.00472913, 0.42222087, -37.72757101]]",0,insightface_scrfd_five_point,aligned,,True,640,480,0.5166706622753268,29.418489966064033,0.11862777173519135,processed/fei_full/aligned/fei_0010_06.png,8e0e0c06aa315269280e3ee5d0177982dacc1c65278e70a4cbe6919673d1200a,34da13374d4b131f2890f8c98248e1c9ce5d5c1aaf4a8751c718a0bd6f302f84,buffalo_l,5838f7fe053675b1c7a08b633df49e7af5495cee0493c7dcf6697200b85b5b91,7fadd420c2351d0ffa8cac403421c1a3ed733365,"[""CUDAExecutionProvider"", ""CPUExecutionProvider""]"
fei_0010_07,fei_0010,10,7,right_slight,derived_visual_protocol_v1,reference,processed/fei_full/source/10-07.jpg,673411c0331a51f7b79d863abfee71bacaa12d0de7148ad37e6661565b9fc86a,originalimages_part1.zip,https://fei.edu.br/~cet/originalimages_part1.zip,FEI-research-only,internal_eval,True,True,1,0,0.8501536250114441,"[250.9676971435547, 110.29319763183594, 442.3298034667969, 369.185302734375]","[[339.35980224609375, 214.4521026611328], [417.5721130371094, 212.4528045654297], [404.4429016113281, 262.1719055175781], [354.3113098144531, 310.9613952636719], [414.5530090332031, 308.6077880859375]]","[[0.42266548, -0.01876214, -102.23231416], [0.01876214, 0.42266548, -45.96619398]]",0,insightface_scrfd_five_point,aligned,,True,640,480,0.509475234885621,44.370826103676684,0.33202528953552246,processed/fei_full/aligned/fei_0010_07.png,54e67b8d4a42c4d4d0969a2fd781f9609c12dd05fe8c987923e8a2bedec2a589,34da13374d4b131f2890f8c98248e1c9ce5d5c1aaf4a8751c718a0bd6f302f84,buffalo_l,5838f7fe053675b1c7a08b633df49e7af5495cee0493c7dcf6697200b85b5b91,7fadd420c2351d0ffa8cac403421c1a3ed733365,"[""CUDAExecutionProvider"", ""CPUExecutionProvider""]"
fei_0010_08,fei_0010,10,8,right_three_quarter_expression,derived_visual_protocol_v1,query,processed/fei_full/source/10-08.jpg,4e9b575d370db197aaccd354bb1628583e89ba0a6f23dea6837202d9de453e5f,originalimages_part1.zip,https://fei.edu.br/~cet/originalimages_part1.zip,FEI-research-only,internal_eval,True,True,1,0,0.8411815166473389,"[238.03759765625, 107.31700134277344, 427.6225891113281, 364.3976135253906]","[[325.36279296875, 211.36920166015625], [402.49310302734375, 205.8437042236328], [392.0050048828125, 259.281494140625], [342.7721862792969, 308.0216979980469], [402.02801513671875, 302.7096862792969]]","[[0.42058859, -0.03285669, -92.36606594], [0.03285669, 0.42058859, -48.63102144]]",0,insightface_scrfd_five_point,aligned,,True,640,480,0.5004879110498366,41.88000971297158,0.3630901277065277,processed/fei_full/aligned/fei_0010_08.png,ebd5ace052f3e502d88dbb31a962a00bdc99163ab294d92e3f68fb0059ceac72,34da13374d4b131f2890f8c98248e1c9ce5d5c1aaf4a8751c718a0bd6f302f84,buffalo_l,5838f7fe053675b1c7a08b633df49e7af5495cee0493c7dcf6697200b85b5b91,7fadd420c2351d0ffa8cac403421c1a3ed733365,"[""CUDAExecutionProvider"", ""CPUExecutionProvider""]"
fei_0010_09,fei_0010,10,9,right_profile,derived_visual_protocol_v1,reference,processed/fei_full/source/10-09.jpg,f5eae19406d5d7a471aa4d0bb263036de9a5d842161cf7490b77a4122eba5f51,originalimages_part1.zip,https://fei.edu.br/~cet/originalimages_part1.zip,FEI-research-only,internal_eval,True,True,1,0,0.8372340798377991,"[269.8443908691406, 110.35009765625, 457.3262023925781, 376.40069580078125]","[[374.98388671875, 220.51170349121094], [436.2878112792969, 218.6112060546875], [442.9169921875, 265.9447937011719], [389.62860107421875, 317.5633850097656], [435.86138916015625, 315.87799072265625]]","[[0.4275379, -0.02321722, -115.58683634], [0.02321722, 0.4275379, -52.20876264]]",0,insightface_scrfd_five_point,aligned,,True,640,480,0.516097554125817,35.722640382120346,0.6078431010246277,processed/fei_full/aligned/fei_0010_09.png,668320bdca680d37841a9da0ed4b2e0baab78b83c875a9d7ab2d3cb5fe7ca735,34da13374d4b131f2890f8c98248e1c9ce5d5c1aaf4a8751c718a0bd6f302f84,buffalo_l,5838f7fe053675b1c7a08b633df49e7af5495cee0493c7dcf6697200b85b5b91,7fadd420c2351d0ffa8cac403421c1a3ed733365,"[""CUDAExecutionProvider"", ""CPUExecutionProvider""]"
fei_0010_10,fei_0010,10,10,right_profile_extreme,derived_visual_protocol_v1,query,processed/fei_full/source/10-10.jpg,f9a237652d8eb093f5dbe375850f0caa9369458f9f5e486fa4f4eb6be89bef8e,originalimages_part1.zip,https://fei.edu.br/~cet/originalimages_part1.zip,FEI-research-only,internal_eval,True,True,1,0,0.7544782757759094,"[325.1098937988281, 104.8053970336914, 471.8424072265625, 367.07080078125]","[[433.7508850097656, 215.83749389648438], [440.1440124511719, 214.70599365234375], [474.1095886230469, 259.3153991699219], [438.03619384765625, 308.8298034667969], [440.2466125488281, 309.20880126953125]]","[[0.40147109, -0.00767601, -120.72395733], [0.00767601, 0.40147109, -36.53363955]]",0,insightface_scrfd_five_point,aligned,,True,640,480,0.4961945210375817,56.631380238808525,5.723852157592773,processed/fei_full/aligned/fei_0010_10.png,f0020eedccd648e474a04f7492022e551190627d115af88a2e6dd5831fde08ea,34da13374d4b131f2890f8c98248e1c9ce5d5c1aaf4a8751c718a0bd6f302f84,buffalo_l,5838f7fe053675b1c7a08b633df49e7af5495cee0493c7dcf6697200b85b5b91,7fadd420c2351d0ffa8cac403421c1a3ed733365,"[""CUDAExecutionProvider"", ""CPUExecutionProvider""]"
fei_0010_11,fei_0010,10,11,frontal_neutral,derived_visual_protocol_v1,reference,processed/fei_full/source/10-11.jpg,212625690a243dd7a9d6207f72081aa66273e5e31dd41b986d9225d670f0a836,originalimages_part1.zip,https://fei.edu.br/~cet/originalimages_part1.zip,FEI-research-only,internal_eval,True,True,1,0,0.8942874073982239,"[227.87840270996094, 115.35759735107422, 426.4858093261719, 372.2575988769531]","[[287.4779052734375, 213.06089782714844], [376.6579895019531, 212.98289489746094], [335.69781494140625, 264.087890625], [296.43341064453125, 309.0762939453125], [368.2149963378906, 308.8644104003906]]","[[0.41339138, 0.00138726, -81.95326626], [-0.00138726, 0.41339138, -35.78657581]]",0,insightface_scrfd_five_point,aligned,,True,640,480,0.5116351613562091,42.750358272128636,0.04070214182138443,processed/fei_full/aligned/fei_0010_11.png,4cccb7d01ac7886bfbc2557d67523146145ba60512921f5aee5604fbdccce708,34da13374d4b131f2890f8c98248e1c9ce5d5c1aaf4a8751c718a0bd6f302f84,buffalo_l,5838f7fe053675b1c7a08b633df49e7af5495cee0493c7dcf6697200b85b5b91,7fadd420c2351d0ffa8cac403421c1a3ed733365,"[""CUDAExecutionProvider"", ""CPUExecutionProvider""]"
fei_0010_12,fei_0010,10,12,frontal_smile,derived_visual_protocol_v1,query,processed/fei_full/source/10-12.jpg,d60b8bb35aff6710dc75da7b4091ac5ddade155e1c3c2c533a0f4be0cb60d39e,originalimages_part1.zip,https://fei.edu.br/~cet/originalimages_part1.zip,FEI-research-only,internal_eval,True,True,1,0,0.896530270576477,"[229.656494140625, 115.67680358886719, 426.0257873535156, 374.8756103515625]","[[285.69439697265625, 211.1584014892578], [377.9505920410156, 213.32159423828125], [333.4649963378906, 263.8305969238281], [282.7355041503906, 294.3127136230469], [375.4103088378906, 296.39739990234375]]","[[0.40857303, 0.01389465, -82.78671788], [-0.01389465, 0.40857303, -28.01404772]]",0,insightface_scrfd_five_point,aligned,,True,640,480,0.5136421568627451,33.94139532037311,0.017798325046896935,processed/fei_full/aligned/fei_0010_12.png,43f89b21fc47182db9dd172d80598ebe1d6bcae889f06768cb34d245c1811708,34da13374d4b131f2890f8c98248e1c9ce5d5c1aaf4a8751c718a0bd6f302f84,buffalo_l,5838f7fe053675b1c7a08b633df49e7af5495cee0493c7dcf6697200b85b5b91,7fadd420c2351d0ffa8cac403421c1a3ed733365,"[""CUDAExecutionProvider"", ""CPUExecutionProvider""]"
fei_0010_13,fei_0010,10,13,frontal_scale,derived_visual_protocol_v1,reference,processed/fei_full/source/10-13.jpg,b5a1370e243b5b9680a97e823987236db8142fbb98156cde1b7e9965b3ba4e06,originalimages_part1.zip,https://fei.edu.br/~cet/originalimages_part1.zip,FEI-research-only,internal_eval,True,True,1,0,0.8913790583610535,"[229.94410705566406, 114.79010009765625, 428.3944091796875, 372.99029541015625]","[[287.4967041015625, 213.26820373535156], [376.8251037597656, 212.63009643554688], [334.50970458984375, 264.24420166015625], [295.9200134277344, 307.95330810546875], [368.6252136230469, 307.3916015625]]","[[0.41530638, 0.00079424, -82.34341146], [-0.00079424, 0.41530638, -36.2704416]]",0,insightface_scrfd_five_point,aligned,,True,640,480,0.5101031581903595,36.92281692466736,0.02629317343235016,processed/fei_full/aligned/fei_0010_13.png,f323e2a4cd866d23213effac940437d04308cf055f69ee686775988e648c0665,34da13374d4b131f2890f8c98248e1c9ce5d5c1aaf4a8751c718a0bd6f302f84,buffalo_l,5838f7fe053675b1c7a08b633df49e7af5495cee0493c7dcf6697200b85b5b91,7fadd420c2351d0ffa8cac403421c1a3ed733365,"[""CUDAExecutionProvider"", ""CPUExecutionProvider""]"
fei_0010_14,fei_0010,10,14,frontal_low_light,derived_visual_protocol_v1,query,processed/fei_full/source/10-14.jpg,d205dcb7c377a0976bf1a4f0a2879e6750e9f6729d56b4871efd2a8de1c01a80,originalimages_part1.zip,https://fei.edu.br/~cet/originalimages_part1.zip,FEI-research-only,internal_eval,True,True,1,0,0.9017427563667297,"[229.08290100097656, 119.82939910888672, 427.0867919921875, 374.4534912109375]","[[286.897705078125, 215.20460510253906], [375.85009765625, 214.4167938232422], [334.0382080078125, 266.9143981933594], [295.5494079589844, 310.0823974609375], [367.873291015625, 309.28338623046875]]","[[0.41562278, -0.0001845, -81.92938277], [0.0001845, 0.41562278, -37.54422109]]",0,insightface_scrfd_five_point,aligned,,True,640,480,0.49895386540032677,34.56272146834268,0.029950514435768127,processed/fei_full/aligned/fei_0010_14.png,eef55355c73ceb2553e0ae171461dd19561c9b356af151088c50500bacc41f5e,34da13374d4b131f2890f8c98248e1c9ce5d5c1aaf4a8751c718a0bd6f302f84,buffalo_l,5838f7fe053675b1c7a08b633df49e7af5495cee0493c7dcf6697200b85b5b91,7fadd420c2351d0ffa8cac403421c1a3ed733365,"[""CUDAExecutionProvider"", ""CPUExecutionProvider""]"
fei_0011_01,fei_0011,11,1,left_profile_extreme,derived_visual_protocol_v1,query,processed/fei_full/source/11-01.jpg,e7209f845b3684339b273458b24b369901db25a9375a5a1b60ff0f910960bbda,originalimages_part1.zip,https://fei.edu.br/~cet/originalimages_part1.zip,FEI-research-only,train,True,True,1,0,0.8190397024154663,"[210.50790405273438, 95.04499816894531, 374.2594909667969, 324.098388671875]","[[226.63819885253906, 187.9571075439453], [273.3612060546875, 187.3596954345703], [216.37429809570312, 226.45089721679688], [230.81300354003906, 267.0107116699219], [272.9559020996094, 265.89190673828125]]","[[0.50768638, -0.00911773, -65.79467045], [0.00911773, 0.50768638, -45.53552633]]",0,insightface_scrfd_five_point,aligned,,True,640,480,0.533070925245098,40.71129414214029,-0.7196177840232849,processed/fei_full/aligned/fei_0011_01.png,1653eab1c3c5486291776c4e5457576b10b25dd5b20156e291cd38a952912536,34da13374d4b131f2890f8c98248e1c9ce5d5c1aaf4a8751c718a0bd6f302f84,buffalo_l,5838f7fe053675b1c7a08b633df49e7af5495cee0493c7dcf6697200b85b5b91,7fadd420c2351d0ffa8cac403421c1a3ed733365,"[""CUDAExecutionProvider"", ""CPUExecutionProvider""]"
fei_0011_02,fei_0011,11,2,left_profile,derived_visual_protocol_v1,reference,processed/fei_full/source/11-02.jpg,2596d8a9820254e689f80c52fdcbfb2384cf2f1f3eab6a1e3e58b985a16dbda1,originalimages_part1.zip,https://fei.edu.br/~cet/originalimages_part1.zip,FEI-research-only,train,True,True,1,0,0.8663246035575867,"[229.19760131835938, 97.34110260009766, 406.47540283203125, 325.89300537109375]","[[251.71539306640625, 190.75160217285156], [322.6709899902344, 189.48980712890625], [264.85369873046875, 231.31419372558594], [256.1109924316406, 271.190185546875], [315.7333984375, 270.8035888671875]]","[[0.48239702, 0.0044856, -81.14929804], [-0.0044856, 0.48239702, -38.12706924]]",0,insightface_scrfd_five_point,aligned,,True,640,480,0.5124807112949347,45.824267541239,-0.314787358045578,processed/fei_full/aligned/fei_0011_02.png,4168ada5dec5a5020501ff6318d87b81b47409aa583700f5b1941b148e5dc65b,34da13374d4b131f2890f8c98248e1c9ce5d5c1aaf4a8751c718a0bd6f302f84,buffalo_l,5838f7fe053675b1c7a08b633df49e7af5495cee0493c7dcf6697200b85b5b91,7fadd420c2351d0ffa8cac403421c1a3ed733365,"[""CUDAExecutionProvider"", ""CPUExecutionProvider""]"
fei_0011_03,fei_0011,11,3,left_three_quarter,derived_visual_protocol_v1,query,processed/fei_full/source/11-03.jpg,b138d015431cd6a2852f8d73a5c031321d6333a7bc821aab743ed44128bf70cb,originalimages_part1.zip,https://fei.edu.br/~cet/originalimages_part1.zip,FEI-research-only,train,True,True,1,0,0.8684887886047363,"[233.72140502929688, 108.47360229492188, 414.4932861328125, 335.2572937011719]","[[262.0834045410156, 199.41250610351562], [340.83050537109375, 202.40919494628906], [283.8277893066406, 242.8303985595703], [264.8617858886719, 279.3645935058594], [331.5058898925781, 282.76080322265625]]","[[0.46929055, 0.02205549, -88.49891662], [-0.02205549, 0.46929055, -34.82293929]]",0,insightface_scrfd_five_point,aligned,,True,640,480,0.512465979881536,43.09545392480426,-0.22370824217796326,processed/fei_full/aligned/fei_0011_03.png,a79ed1149c61771a5409a561f68a63ac91a692af8d8d26670a25897bdd159c3b,34da13374d4b131f2890f8c98248e1c9ce5d5c1aaf4a8751c718a0bd6f302f84,buffalo_l,5838f7fe053675b1c7a08b633df49e7af5495cee0493c7dcf6697200b85b5b91,7fadd420c2351d0ffa8cac403421c1a3ed733365,"[""CUDAExecutionProvider"", ""CPUExecutionProvider""]"
fei_0011_04,fei_0011,11,4,left_slight,derived_visual_protocol_v1,reference,processed/fei_full/source/11-04.jpg,87ed171ebc9b299280cf84b3454e09e45a99c8deb942986a2792a02f0c9dae5a,originalimages_part1.zip,https://fei.edu.br/~cet/originalimages_part1.zip,FEI-research-only,train,True,True,1,0,0.8700593113899231,"[234.20480346679688, 100.36419677734375, 414.34100341796875, 331.0705871582031]","[[261.69000244140625, 203.08509826660156], [339.235595703125, 195.59620666503906], [287.88470458984375, 239.75250244140625], [272.3616943359375, 279.3620910644531], [339.1606140136719, 273.62799072265625]]","[[0.47873064, -0.03521555, -79.23353668], [0.03521555, 0.47873064, -52.74044441]]",0,insightface_scrfd_five_point,aligned,,True,640,480,0.5068803742851307,30.319435688008205,-0.16145090758800507,processed/fei_full/aligned/fei_0011_04.png,49cb653566029117c7a0dd70e538f09c118bf52eb6f41a6a453d962fd8707548,34da13374d4b131f2890f8c98248e1c9ce5d5c1aaf4a8751c718a0bd6f302f84,buffalo_l,5838f7fe053675b1c7a08b633df49e7af5495cee0493c7dcf6697200b85b5b91,7fadd420c2351d0ffa8cac403421c1a3ed733365,"[""CUDAExecutionProvider"", ""CPUExecutionProvider""]"
fei_0011_05,fei_0011,11,5,near_frontal_left,derived_visual_protocol_v1,reference,processed/fei_full/source/11-05.jpg,2c28b111371ac582257649166a0469502a7e15b8cea52f3e0cf7cf9802268a24,originalimages_part1.zip,https://fei.edu.br/~cet/originalimages_part1.zip,FEI-research-only,train,True,True,1,0,0.8603801131248474,"[245.10440063476562, 98.12229919433594, 428.4143981933594, 322.93218994140625]","[[288.9043884277344, 189.6497039794922], [373.1842956542969, 191.3426055908203], [325.2349853515625, 231.2111053466797], [291.8254089355469, 268.1341857910156], [363.37701416015625, 269.970703125]]","[[0.46486834, 0.0185024, -100.94220637], [-0.0185024, 0.46486834, -28.96945999]]",0,insightface_scrfd_five_point,aligned,,True,640,480,0.5088496987336601,34.43977831009759,-0.0689162164926529,processed/fei_full/aligned/fei_0011_05.png,8ad0c8ec1daa8bec4f345753140058af494e382cf42ecf323996263277030690,34da13374d4b131f2890f8c98248e1c9ce5d5c1aaf4a8751c718a0bd6f302f84,buffalo_l,5838f7fe053675b1c7a08b633df49e7af5495cee0493c7dcf6697200b85b5b91,7fadd420c2351d0ffa8cac403421c1a3ed733365,"[""CUDAExecutionProvider"", ""CPUExecutionProvider""]"
fei_0011_06,fei_0011,11,6,near_frontal_right,derived_visual_protocol_v1,reference,processed/fei_full/source/11-06.jpg,542afce85cb02e0d2ecbb17a3633e2af95eff209fedd4cde22ecb1060a24d0fe,originalimages_part1.zip,https://fei.edu.br/~cet/originalimages_part1.zip,FEI-research-only,train,True,True,1,0,0.861609160900116,"[247.99020385742188, 99.81809997558594, 430.6377868652344, 321.1138000488281]","[[296.781005859375, 191.77000427246094], [381.5953063964844, 188.58689880371094], [339.9473876953125, 231.15179443359375], [304.79119873046875, 269.639892578125], [376.9779968261719, 266.67779541015625]]","[[0.46516172, -0.01110636, -99.58784743], [0.01110636, 0.46516172, -38.66058349]]",0,insightface_scrfd_five_point,aligned,,True,640,480,0.5029570823120915,41.397935730616254,0.008945208042860031,processed/fei_full/aligned/fei_0011_06.png,96f687468fb44a1a437dc9d4bac48f01d9f2bd6e7d39f16a25309e5bce6891f0,34da13374d4b131f2890f8c98248e1c9ce5d5c1aaf4a8751c718a0bd6f302f84,buffalo_l,5838f7fe053675b1c7a08b633df49e7af5495cee0493c7dcf6697200b85b5b91,7fadd420c2351d0ffa8cac403421c1a3ed733365,"[""CUDAExecutionProvider"", ""CPUExecutionProvider""]"
fei_0011_07,fei_0011,11,7,right_slight,derived_visual_protocol_v1,reference,processed/fei_full/source/11-07.jpg,0b59f6e1cf00204814eb96b5cd9b515ca918aeb3a4fbd68b3ed82f9a27282c11,originalimages_part1.zip,https://fei.edu.br/~cet/originalimages_part1.zip,FEI-research-only,train,True,True,1,0,0.8640337586402893,"[242.54310607910156, 119.07820129394531, 426.0242004394531, 342.4562072753906]","[[287.9519958496094, 205.71670532226562], [373.6969909667969, 206.62339782714844], [328.3236999511719, 251.90679931640625], [292.5024108886719, 284.70880126953125], [367.15838623046875, 285.71990966796875]]","[[0.45615394, 0.00808939, -96.46877047], [-0.00808939, 0.45615394, -38.07073472]]",0,insightface_scrfd_five_point,aligned,,True,640,480,0.5142270603553921,30.9864061472151,-0.02916421927511692,processed/fei_full/aligned/fei_0011_07.png,567dc9784bb73e26c60ff19e010b0cd5f68db04465476d21689ca1c9f4b164a9,34da13374d4b131f2890f8c98248e1c9ce5d5c1aaf4a8751c718a0bd6f302f84,buffalo_l,5838f7fe053675b1c7a08b633df49e7af5495cee0493c7dcf6697200b85b5b91,7fadd420c2351d0ffa8cac403421c1a3ed733365,"[""CUDAExecutionProvider"", ""CPUExecutionProvider""]"
fei_0011_08,fei_0011,11,8,right_three_quarter_expression,derived_visual_protocol_v1,query,processed/fei_full/source/11-08.jpg,badc0bef723fa9d795f0dd9d76c1a5597620c1753087e2e7fa9fca0e1bf46b08,originalimages_part1.zip,https://fei.edu.br/~cet/originalimages_part1.zip,FEI-research-only,train,True,True,1,0,0.8515757918357849,"[270.4573974609375, 119.81060028076172, 450.7344970703125, 340.9208068847656]","[[343.7582092285156, 202.7700958251953], [422.5581970214844, 206.72569274902344], [397.42291259765625, 247.25160217285156], [349.3037109375, 284.4867858886719], [414.3046875, 286.82989501953125]]","[[0.47059277, 0.01611121, -129.33014054], [-0.01611121, 0.47059277, -37.47246547]]",0,insightface_scrfd_five_point,aligned,,True,640,480,0.5116433568218954,42.41257318283717,0.1807967573404312,processed/fei_full/aligned/fei_0011_08.png,b7178776d11f07ee5a16bd238294c73ab27a3f2bf013ea742674d409a0f1f88a,34da13374d4b131f2890f8c98248e1c9ce5d5c1aaf4a8751c718a0bd6f302f84,buffalo_l,5838f7fe053675b1c7a08b633df49e7af5495cee0493c7dcf6697200b85b5b91,7fadd420c2351d0ffa8cac403421c1a3ed733365,"[""CUDAExecutionProvider"", ""CPUExecutionProvider""]"
fei_0011_09,fei_0011,11,9,right_profile,derived_visual_protocol_v1,reference,processed/fei_full/source/11-09.jpg,177214f0dc83d0a5cb2a98649552f9528542c7e897f1b233c7497a4fd651cb5a,originalimages_part1.zip,https://fei.edu.br/~cet/originalimages_part1.zip,FEI-research-only,train,True,True,1,0,0.857886552810669,"[265.7685852050781, 109.09870147705078, 446.23480224609375, 335.7749938964844]","[[344.18310546875, 198.6313018798828], [420.80621337890625, 202.52679443359375], [398.95330810546875, 244.72320556640625], [345.2966003417969, 277.8406066894531], [412.6658020019531, 280.4256896972656]]","[[0.47305067, 0.02422037, -131.63851488], [-0.02422037, 0.47305067, -32.71394746]]",0,insightface_scrfd_five_point,aligned,,True,640,480,0.5133077384599672,38.169961575306786,0.21452349424362183,processed/fei_full/aligned/fei_0011_09.png,e90163953e98d3f95b08a3f663850ca25dfc14bbbf2799872c72d3d1fedcad1a,34da13374d4b131f2890f8c98248e1c9ce5d5c1aaf4a8751c718a0bd6f302f84,buffalo_l,5838f7fe053675b1c7a08b633df49e7af5495cee0493c7dcf6697200b85b5b91,7fadd420c2351d0ffa8cac403421c1a3ed733365,"[""CUDAExecutionProvider"", ""CPUExecutionProvider""]"
fei_0011_10,fei_0011,11,10,right_profile_extreme,derived_visual_protocol_v1,query,processed/fei_full/source/11-10.jpg,5538025084e82f89146b5f27b8dcc7c47f278f4bc4e653869c2fd0aa799c6d92,originalimages_part1.zip,https://fei.edu.br/~cet/originalimages_part1.zip,FEI-research-only,train,True,True,1,0,0.7528988718986511,"[279.2041015625, 121.42140197753906, 437.4429931640625, 344.0744934082031]","[[379.03729248046875, 208.72889709472656], [422.2539978027344, 204.2830047607422], [435.37530517578125, 250.32679748535156], [379.58599853515625, 288.4836120605469], [418.3949890136719, 285.2008056640625]]","[[0.50059024, -0.00299765, -146.93717676], [0.00299765, 0.50059024, -53.16739101]]",0,insightface_scrfd_five_point,aligned,,True,640,480,0.5187920751633986,36.06247917784585,0.7993964552879333,processed/fei_full/aligned/fei_0011_10.png,6f0a026443c732373af1190cff6fc0d76d79eecf732b03e64a5ba8e57cd68036,34da13374d4b131f2890f8c98248e1c9ce5d5c1aaf4a8751c718a0bd6f302f84,buffalo_l,5838f7fe053675b1c7a08b633df49e7af5495cee0493c7dcf6697200b85b5b91,7fadd420c2351d0ffa8cac403421c1a3ed733365,"[""CUDAExecutionProvider"", ""CPUExecutionProvider""]"
fei_0011_11,fei_0011,11,11,frontal_neutral,derived_visual_protocol_v1,reference,processed/fei_full/source/11-11.jpg,20b9fbfb3f07d8b6678151031a72d45d13e4953b546e88989a373f9f32e8aea5,originalimages_part1.zip,https://fei.edu.br/~cet/originalimages_part1.zip,FEI-research-only,train,True,True,1,0,0.8784447312355042,"[236.82179260253906, 118.90070343017578, 422.2716064453125, 345.1494140625]","[[292.27960205078125, 207.51559448242188], [379.1091003417969, 208.6511993408203], [339.2181091308594, 254.61289978027344], [298.06170654296875, 288.4336853027344], [371.2262878417969, 289.097412109375]]","[[0.45213985, 0.00813104, -97.91331996], [-0.00813104, 0.45213985, -38.24957263]]",0,insightface_scrfd_five_point,aligned,,True,640,480,0.5143233634599673,41.09825867503484,0.040579162538051605,processed/fei_full/aligned/fei_0011_11.png,ed0f057587a3bfcfa37394593c8032ada97f3f6be8d118a1780ef5f12b77b1af,34da13374d4b131f2890f8c98248e1c9ce5d5c1aaf4a8751c718a0bd6f302f84,buffalo_l,5838f7fe053675b1c7a08b633df49e7af5495cee0493c7dcf6697200b85b5b91,7fadd420c2351d0ffa8cac403421c1a3ed733365,"[""CUDAExecutionProvider"", ""CPUExecutionProvider""]"
fei_0011_12,fei_0011,11,12,frontal_smile,derived_visual_protocol_v1,query,processed/fei_full/source/11-12.jpg,a4ea9b8bf310e64ddd6a9df481466a0e2a41c121b495e256f94dcf397b5ad660,originalimages_part1.zip,https://fei.edu.br/~cet/originalimages_part1.zip,FEI-research-only,train,True,True,1,0,0.8816487789154053,"[225.6865997314453, 118.90029907226562, 412.3456115722656, 350.9453125]","[[280.18798828125, 211.48080444335938], [368.79339599609375, 209.52220153808594], [327.97540283203125, 259.6866149902344], [280.9237976074219, 286.9718017578125], [367.1036071777344, 284.8940124511719]]","[[0.43762753, -0.00090298, -85.97521841], [0.00090298, 0.43762753, -38.02323074]]",0,insightface_scrfd_five_point,aligned,,True,640,480,0.5131604115604574,20.766649466790092,0.039318472146987915,processed/fei_full/aligned/fei_0011_12.png,dec0dc23316351209e485ea105304b75c2964f8588dde96004427b3d110fdd89,34da13374d4b131f2890f8c98248e1c9ce5d5c1aaf4a8751c718a0bd6f302f84,buffalo_l,5838f7fe053675b1c7a08b633df49e7af5495cee0493c7dcf6697200b85b5b91,7fadd420c2351d0ffa8cac403421c1a3ed733365,"[""CUDAExecutionProvider"", ""CPUExecutionProvider""]"
fei_0011_13,fei_0011,11,13,frontal_scale,derived_visual_protocol_v1,reference,processed/fei_full/source/11-13.jpg,b4fd06fb058da2c6a66d0de86679e97ffe55ae29099ee2eddb633cad48a2fc39,originalimages_part1.zip,https://fei.edu.br/~cet/originalimages_part1.zip,FEI-research-only,train,True,True,1,0,0.874047577381134,"[227.57960510253906, 121.970703125, 415.1141052246094, 353.8204040527344]","[[279.61590576171875, 215.01730346679688], [368.8746032714844, 215.90890502929688], [324.52020263671875, 263.65350341796875], [282.8539123535156, 295.2767028808594], [361.5002136230469, 295.8476867675781]]","[[0.44106978, 0.01044725, -89.3344002], [-0.01044725, 0.44106978, -38.13685491]]",0,insightface_scrfd_five_point,aligned,,True,640,480,0.5221460248161764,33.07246664300495,0.0030800283420830965,processed/fei_full/aligned/fei_0011_13.png,c77718ee049c385e6a0e189f5f8fc9bc885ee80e87f003772e01012e8c18d3c2,34da13374d4b131f2890f8c98248e1c9ce5d5c1aaf4a8751c718a0bd6f302f84,buffalo_l,5838f7fe053675b1c7a08b633df49e7af5495cee0493c7dcf6697200b85b5b91,7fadd420c2351d0ffa8cac403421c1a3ed733365,"[""CUDAExecutionProvider"", ""CPUExecutionProvider""]"
fei_0011_14,fei_0011,11,14,frontal_low_light,derived_visual_protocol_v1,query,processed/fei_full/source/11-14.jpg,d0b32f2d901591adc7cc20b671f3b1ab100ead167bd48ab104ee59c8205aba85,originalimages_part1.zip,https://fei.edu.br/~cet/originalimages_part1.zip,FEI-research-only,train,True,True,1,0,0.8752562999725342,"[228.3695068359375, 121.26180267333984, 416.281005859375, 353.9013977050781]","[[279.8522033691406, 215.268798828125], [368.7361145019531, 217.24200439453125], [323.214111328125, 264.74700927734375], [281.6859130859375, 294.39898681640625], [360.018310546875, 296.1589050292969]]","[[0.44378597, 0.01749647, -91.69060528], [-0.01749647, 0.44378597, -36.75599586]]",0,insightface_scrfd_five_point,aligned,,True,640,480,0.5180319393382353,36.08700622558594,-0.01214857492595911,processed/fei_full/aligned/fei_0011_14.png,3908adc6daaeb9776218d86dc2a83bc6f3bad1fd2a559be88a0c7f845b6523b9,34da13374d4b131f2890f8c98248e1c9ce5d5c1aaf4a8751c718a0bd6f302f84,buffalo_l,5838f7fe053675b1c7a08b633df49e7af5495cee0493c7dcf6697200b85b5b91,7fadd420c2351d0ffa8cac403421c1a3ed733365,"[""CUDAExecutionProvider"", ""CPUExecutionProvider""]"
fei_0012_01,fei_0012,12,1,left_profile_extreme,derived_visual_protocol_v1,query,processed/fei_full/source/12-01.jpg,aaeddf84821af36422e27a519eda4cfe361cb222ebadf67b9ce1145e5924b09f,originalimages_part1.zip,https://fei.edu.br/~cet/originalimages_part1.zip,FEI-research-only,dev,True,True,1,0,0.8596765995025635,"[184.9573974609375, 71.7426986694336, 349.91949462890625, 314.306884765625]","[[199.92140197753906, 168.9691925048828], [248.3424072265625, 165.8509979248047], [190.4674072265625, 212.5236053466797], [209.32440185546875, 260.243896484375], [247.21730041503906, 257.2190856933594]]","[[0.45424792, -0.02171293, -38.85491671], [0.02171293, 0.45424792, -29.59280212]]",0,insightface_scrfd_five_point,aligned,,True,640,480,0.5126199193218954,40.456423528024885,-0.6938081383705139,processed/fei_full/aligned/fei_0012_01.png,f56a1e0ddfbde4fdb95af20c7198b8359b0bd6196f34d7a152c69e4273451c27,34da13374d4b131f2890f8c98248e1c9ce5d5c1aaf4a8751c718a0bd6f302f84,buffalo_l,5838f7fe053675b1c7a08b633df49e7af5495cee0493c7dcf6697200b85b5b91,7fadd420c2351d0ffa8cac403421c1a3ed733365,"[""CUDAExecutionProvider"", ""CPUExecutionProvider""]"
fei_0012_02,fei_0012,12,2,left_profile,derived_visual_protocol_v1,reference,processed/fei_full/source/12-02.jpg,cef93ca98e84a556f6be1dc305c58f236fd564530691187e670cb943cf43be15,originalimages_part1.zip,https://fei.edu.br/~cet/originalimages_part1.zip,FEI-research-only,dev,True,True,1,0,0.8602050542831421,"[216.7812042236328, 81.72350311279297, 389.3147888183594, 323.60589599609375]","[[238.5751953125, 183.29139709472656], [315.7815856933594, 177.32679748535156], [260.8833923339844, 222.75469970703125], [249.38369750976562, 271.45361328125], [311.2041015625, 267.65179443359375]]","[[0.44832933, -0.01958519, -62.94185357], [0.01958519, 0.44832933, -34.13637473]]",0,insightface_scrfd_five_point,aligned,,True,640,480,0.5097123927696079,38.90189891000324,-0.21043038368225098,processed/fei_full/aligned/fei_0012_02.png,c21981fa9248b0b932d8b020ddc4b4278858b7dac6b5f8f2dca87f5a61e09735,34da13374d4b131f2890f8c98248e1c9ce5d5c1aaf4a8751c718a0bd6f302f84,buffalo_l,5838f7fe053675b1c7a08b633df49e7af5495cee0493c7dcf6697200b85b5b91,7fadd420c2351d0ffa8cac403421c1a3ed733365,"[""CUDAExecutionProvider"", ""CPUExecutionProvider""]"
fei_0012_03,fei_0012,12,3,left_three_quarter,derived_visual_protocol_v1,query,processed/fei_full/source/12-03.jpg,61c563f518e365aad3c93646de50e54688c96d569d53a1969f014414f6046eaf,originalimages_part1.zip,https://fei.edu.br/~cet/originalimages_part1.zip,FEI-research-only,dev,True,True,1,0,0.8606302738189697,"[231.3408966064453, 86.13970184326172, 402.5487976074219, 328.86279296875]","[[255.9149932861328, 184.0216064453125], [333.9508972167969, 181.9329071044922], [279.7030944824219, 229.10690307617188], [263.7738952636719, 273.7648010253906], [325.9397888183594, 272.935791015625]]","[[0.44695553, -0.00114103, -74.16017411], [0.00114103, 0.44695553, -30.49560013]]",0,insightface_scrfd_five_point,aligned,,True,640,480,0.5096353528390523,35.76024214409722,-0.1950940638780594,processed/fei_full/aligned/fei_0012_03.png,fa4ec3a384e092e9a726bb52055caf7b86bd679e4f0f6f129462e0bac9a4ca4f,34da13374d4b131f2890f8c98248e1c9ce5d5c1aaf4a8751c718a0bd6f302f84,buffalo_l,5838f7fe053675b1c7a08b633df49e7af5495cee0493c7dcf6697200b85b5b91,7fadd420c2351d0ffa8cac403421c1a3ed733365,"[""CUDAExecutionProvider"", ""CPUExecutionProvider""]"
fei_0012_04,fei_0012,12,4,left_slight,derived_visual_protocol_v1,reference,processed/fei_full/source/12-04.jpg,00b4dab77d37f36e0796378bb82bb204af8bc4476149bfcf18e178c367fd7cb6,originalimages_part1.zip,https://fei.edu.br/~cet/originalimages_part1.zip,FEI-research-only,dev,True,True,1,0,0.8791455626487732,"[221.4427947998047, 92.3915023803711, 392.9580078125, 335.7680969238281]","[[248.88169860839844, 193.28390502929688], [329.1120910644531, 188.0023956298828], [277.80621337890625, 235.60279846191406], [259.7586975097656, 282.4905090332031], [323.04840087890625, 278.6153869628906]]","[[0.44565886, -0.01607271, -68.41270317], [0.01607271, 0.44565886, -37.72047705]]",0,insightface_scrfd_five_point,aligned,,True,640,480,0.5068283037173202,38.6603916727278,-0.13918083906173706,processed/fei_full/aligned/fei_0012_04.png,0b5e4c358e36055c4cad281e00744faeffe5c54a759a4ef1b89fb8b79049d14c,34da13374d4b131f2890f8c98248e1c9ce5d5c1aaf4a8751c718a0bd6f302f84,buffalo_l,5838f7fe053675b1c7a08b633df49e7af5495cee0493c7dcf6697200b85b5b91,7fadd420c2351d0ffa8cac403421c1a3ed733365,"[""CUDAExecutionProvider"", ""CPUExecutionProvider""]"
fei_0012_05,fei_0012,12,5,near_frontal_left,derived_visual_protocol_v1,reference,processed/fei_full/source/12-05.jpg,f2169c1c2a540a5d93f81c63a61749650c79ed58886891166f7f2dacdfd4cc0f,originalimages_part1.zip,https://fei.edu.br/~cet/originalimages_part1.zip,FEI-research-only,dev,True,True,1,0,0.8741837739944458,"[252.26539611816406, 93.05660247802734, 422.4294128417969, 338.2549133300781]","[[290.4442138671875, 189.71719360351562], [376.26300048828125, 189.75059509277344], [329.494384765625, 236.4951934814453], [296.8367004394531, 281.11041259765625], [366.8446960449219, 281.11968994140625]]","[[0.43125946, 0.00665551, -88.71017941], [-0.00665551, 0.43125946, -27.51111771]]",0,insightface_scrfd_five_point,aligned,,True,640,480,0.5130657679738563,36.50563240492079,-0.04496939852833748,processed/fei_full/aligned/fei_0012_05.png,80ad1d5f34c2c0bfad73a3b59e7ba02a8e76438be356be2ef5d74164e214ddf9,34da13374d4b131f2890f8c98248e1c9ce5d5c1aaf4a8751c718a0bd6f302f84,buffalo_l,5838f7fe053675b1c7a08b633df49e7af5495cee0493c7dcf6697200b85b5b91,7fadd420c2351d0ffa8cac403421c1a3ed733365,"[""CUDAExecutionProvider"", ""CPUExecutionProvider""]"
fei_0012_06,fei_0012,12,6,near_frontal_right,derived_visual_protocol_v1,reference,processed/fei_full/source/12-06.jpg,816cbc4c2a0e1c004e2502b14419f18fddfe7194f75f3c577a2f5c3cc7a3723f,originalimages_part1.zip,https://fei.edu.br/~cet/originalimages_part1.zip,FEI-research-only,dev,True,True,1,0,0.8843997120857239,"[238.93020629882812, 92.37429809570312, 411.0049133300781, 339.2401123046875]","[[288.55999755859375, 194.6376953125], [372.59210205078125, 191.6748046875], [336.0429992675781, 234.76829528808594], [298.7453918457031, 281.26251220703125], [368.43951416015625, 278.40350341796875]]","[[0.44617058, -0.01351773, -89.30110471], [0.01351773, 0.44617058, -37.96184922]]",0,insightface_scrfd_five_point,aligned,,True,640,480,0.5119923023897058,37.536494286590155,0.06501678377389908,processed/fei_full/aligned/fei_0012_06.png,d975bc1dfd4301ac8048073b8aab8af5579cf1f256e962227982b78c8dfd2d65,34da13374d4b131f2890f8c98248e1c9ce5d5c1aaf4a8751c718a0bd6f302f84,buffalo_l,5838f7fe053675b1c7a08b633df49e7af5495cee0493c7dcf6697200b85b5b91,7fadd420c2351d0ffa8cac403421c1a3ed733365,"[""CUDAExecutionProvider"", ""CPUExecutionProvider""]"
fei_0012_07,fei_0012,12,7,right_slight,derived_visual_protocol_v1,reference,processed/fei_full/source/12-07.jpg,c4966ef61549743e2f16b3e02039051b74e8794c65d8177b5491d9f3dc2b8036,originalimages_part1.zip,https://fei.edu.br/~cet/originalimages_part1.zip,FEI-research-only,dev,True,True,1,0,0.878902792930603,"[252.12860107421875, 95.2511978149414, 421.92730712890625, 341.11590576171875]","[[304.22198486328125, 192.33790588378906], [387.7143859863281, 192.37440490722656], [351.7601013183594, 238.57650756835938], [312.55560302734375, 283.5586853027344], [380.50439453125, 283.2856140136719]]","[[0.43704109, 0.00063367, -95.93145383], [-0.00063367, 0.43704109, -31.90653624]]",0,insightface_scrfd_five_point,aligned,,True,640,480,0.5147681015114379,39.73258010317484,0.06937006860971451,processed/fei_full/aligned/fei_0012_07.png,e8e183f8d1150815d06c755910998f15448d47fb952b0a9d9757cc8a256f3f68,34da13374d4b131f2890f8c98248e1c9ce5d5c1aaf4a8751c718a0bd6f302f84,buffalo_l,5838f7fe053675b1c7a08b633df49e7af5495cee0493c7dcf6697200b85b5b91,7fadd420c2351d0ffa8cac403421c1a3ed733365,"[""CUDAExecutionProvider"", ""CPUExecutionProvider""]"
fei_0012_08,fei_0012,12,8,right_three_quarter_expression,derived_visual_protocol_v1,query,processed/fei_full/source/12-08.jpg,56bbb224255c0d8a5d451f30ca64a380981a4403db644245bc6d42de6be9cded,originalimages_part1.zip,https://fei.edu.br/~cet/originalimages_part1.zip,FEI-research-only,dev,True,True,1,0,0.8872119188308716,"[258.43341064453125, 91.64140319824219, 429.9729919433594, 336.0325012207031]","[[317.2485046386719, 190.68350219726562], [400.3016052246094, 193.101806640625], [366.9786071777344, 234.9196014404297], [322.4150085449219, 277.8411865234375], [392.1072082519531, 279.2484130859375]]","[[0.44625104, 0.01185633, -107.3276262], [-0.01185633, 0.44625104, -28.77308954]]",0,insightface_scrfd_five_point,aligned,,True,640,480,0.5093625153186274,42.04237206963433,0.09873183816671371,processed/fei_full/aligned/fei_0012_08.png,276b5490de4284e1cc704d48dfbe7fb5b12611bd7d2422f08171db2a117b06c8,34da13374d4b131f2890f8c98248e1c9ce5d5c1aaf4a8751c718a0bd6f302f84,buffalo_l,5838f7fe053675b1c7a08b633df49e7af5495cee0493c7dcf6697200b85b5b91,7fadd420c2351d0ffa8cac403421c1a3ed733365,"[""CUDAExecutionProvider"", ""CPUExecutionProvider""]"
fei_0012_09,fei_0012,12,9,right_profile,derived_visual_protocol_v1,reference,processed/fei_full/source/12-09.jpg,184df5a569daeb09b4551c8983d62c43e310bd576534f23c1d93d3071ceaae35,originalimages_part1.zip,https://fei.edu.br/~cet/originalimages_part1.zip,FEI-research-only,dev,True,True,1,0,0.8798677325248718,"[269.1170959472656, 96.53160095214844, 438.99090576171875, 341.1398010253906]","[[345.60400390625, 192.42080688476562], [419.5234069824219, 196.5522003173828], [401.7825927734375, 239.1074981689453], [350.410400390625, 281.4414978027344], [410.8360900878906, 284.06781005859375]]","[[0.45497793, 0.01776349, -123.66802659], [-0.01776349, 0.45497793, -29.86047326]]",0,insightface_scrfd_five_point,aligned,,True,640,480,0.5097850668913398,31.228619452412918,0.25959351658821106,processed/fei_full/aligned/fei_0012_09.png,b77b5a10c2955b8403de2a1d1a94ae45504f7494b98192770a9830de336e956a,34da13374d4b131f2890f8c98248e1c9ce5d5c1aaf4a8751c718a0bd6f302f84,buffalo_l,5838f7fe053675b1c7a08b633df49e7af5495cee0493c7dcf6697200b85b5b91,7fadd420c2351d0ffa8cac403421c1a3ed733365,"[""CUDAExecutionProvider"", ""CPUExecutionProvider""]"
fei_0012_10,fei_0012,12,10,right_profile_extreme,derived_visual_protocol_v1,query,processed/fei_full/source/12-10.jpg,295fe7ec41338e76cf8cc19183531e05eb7509bdb6c4165eb1b268d25f60116f,originalimages_part1.zip,https://fei.edu.br/~cet/originalimages_part1.zip,FEI-research-only,dev,True,True,1,0,0.8275139927864075,"[296.3623962402344, 107.98899841308594, 456.5155944824219, 345.4587097167969]","[[394.64129638671875, 200.23779296875], [436.51031494140625, 197.36019897460938], [451.0928039550781, 242.9720001220703], [400.8384094238281, 288.5491943359375], [434.3290100097656, 286.8546142578125]]","[[0.47015435, -0.01208711, -140.13639141], [0.01208711, 0.47015435, -47.55695699]]",0,insightface_scrfd_five_point,aligned,,True,640,480,0.49682628676470586,36.039370508988696,0.8462923765182495,processed/fei_full/aligned/fei_0012_10.png,0ba523930d87ced13c59ac3c444779c4099fc5c4fa18a59afdc7a457fb4d7a1d,34da13374d4b131f2890f8c98248e1c9ce5d5c1aaf4a8751c718a0bd6f302f84,buffalo_l,5838f7fe053675b1c7a08b633df49e7af5495cee0493c7dcf6697200b85b5b91,7fadd420c2351d0ffa8cac403421c1a3ed733365,"[""CUDAExecutionProvider"", ""CPUExecutionProvider""]"
fei_0012_11,fei_0012,12,11,frontal_neutral,derived_visual_protocol_v1,reference,processed/fei_full/source/12-11.jpg,18edcb0db77ebfd81a4559a2815f71fb3bd64ab08cc74eddefe72280494d68d1,originalimages_part1.zip,https://fei.edu.br/~cet/originalimages_part1.zip,FEI-research-only,dev,True,True,1,0,0.8873023390769958,"[239.79629516601562, 103.54930114746094, 413.4248046875, 350.0548095703125]","[[282.9902038574219, 204.672607421875], [368.1675109863281, 199.35629272460938], [327.1358947753906, 248.34890747070312], [293.1686096191406, 291.68280029296875], [365.16900634765625, 287.3988037109375]]","[[0.43912904, -0.0192748, -82.96506557], [0.0192748, 0.43912904, -42.5622679]]",0,insightface_scrfd_five_point,aligned,,True,640,480,0.5103184104370915,40.566824145465425,0.01824408955872059,processed/fei_full/aligned/fei_0012_11.png,2884233f2abe53fb3f77db9c9b800fd0c6b4664442bd3827b3e478be1abb5364,34da13374d4b131f2890f8c98248e1c9ce5d5c1aaf4a8751c718a0bd6f302f84,buffalo_l,5838f7fe053675b1c7a08b633df49e7af5495cee0493c7dcf6697200b85b5b91,7fadd420c2351d0ffa8cac403421c1a3ed733365,"[""CUDAExecutionProvider"", ""CPUExecutionProvider""]"
fei_0012_12,fei_0012,12,12,frontal_smile,derived_visual_protocol_v1,query,processed/fei_full/source/12-12.jpg,94a83e18b96ed886e16e3333f47fcbcdf59335a500cb81a4cd59bef7a25409ff,originalimages_part1.zip,https://fei.edu.br/~cet/originalimages_part1.zip,FEI-research-only,dev,True,True,1,0,0.8896266222000122,"[249.62350463867188, 100.62870025634766, 419.810791015625, 350.05169677734375]","[[293.2506103515625, 198.73779296875], [379.4681091308594, 197.37030029296875], [337.8904113769531, 247.14500427246094], [295.7882995605469, 283.0093994140625], [376.4324035644531, 282.21649169921875]]","[[0.43328682, 0.00062078, -89.95346857], [-0.00062078, 0.43328682, -32.61389052]]",0,insightface_scrfd_five_point,aligned,,True,640,480,0.5129514399509804,36.153832594034405,0.017755599692463875,processed/fei_full/aligned/fei_0012_12.png,b3927ab409631fd8f22175d9497545c543652f6c95d5415508ab06eb98b7e4c3,34da13374d4b131f2890f8c98248e1c9ce5d5c1aaf4a8751c718a0bd6f302f84,buffalo_l,5838f7fe053675b1c7a08b633df49e7af5495cee0493c7dcf6697200b85b5b91,7fadd420c2351d0ffa8cac403421c1a3ed733365,"[""CUDAExecutionProvider"", ""CPUExecutionProvider""]"
fei_0012_13,fei_0012,12,13,frontal_scale,derived_visual_protocol_v1,reference,processed/fei_full/source/12-13.jpg,1f654e03aaac73fabb741fdd7cd4d3e052333019642c8c99cfe5ace888d97268,originalimages_part1.zip,https://fei.edu.br/~cet/originalimages_part1.zip,FEI-research-only,dev,True,True,1,0,0.8885648250579834,"[237.77259826660156, 106.59320068359375, 410.9961853027344, 354.4085998535156]","[[282.99749755859375, 205.97340393066406], [368.93829345703125, 206.8813934326172], [326.0885009765625, 255.40980529785156], [288.8254089355469, 294.9696960449219], [360.20819091796875, 295.9490966796875]]","[[0.43538616, 0.00872293, -87.85028377], [-0.00872293, 0.43538616, -34.90687948]]",0,insightface_scrfd_five_point,aligned,,True,640,480,0.5300523769403594,39.729839985995824,0.0014039871748536825,processed/fei_full/aligned/fei_0012_13.png,9e24e0a8253f9877df855f8a47f402452ac59c47dd55507eadf162cc0814253e,34da13374d4b131f2890f8c98248e1c9ce5d5c1aaf4a8751c718a0bd6f302f84,buffalo_l,5838f7fe053675b1c7a08b633df49e7af5495cee0493c7dcf6697200b85b5b91,7fadd420c2351d0ffa8cac403421c1a3ed733365,"[""CUDAExecutionProvider"", ""CPUExecutionProvider""]"
fei_0012_14,fei_0012,12,14,frontal_low_light,derived_visual_protocol_v1,query,processed/fei_full/source/12-14.jpg,c82cd70f2bed6dee0c5eb22e572ca130480cc6b0255f90ee8bc8c2eaea503ca5,originalimages_part1.zip,https://fei.edu.br/~cet/originalimages_part1.zip,FEI-research-only,dev,True,True,1,0,0.886005699634552,"[241.60629272460938, 105.79769897460938, 413.9294128417969, 351.5950927734375]","[[286.8283996582031, 203.37269592285156], [372.3775939941406, 202.71820068359375], [330.5476989746094, 253.9788055419922], [294.3023986816406, 295.1018981933594], [362.0227966308594, 294.9043884277344]]","[[0.43204841, 0.00547918, -87.5808618], [-0.00547918, 0.43204841, -34.31404816]]",0,insightface_scrfd_five_point,aligned,,True,640,480,0.5559252706290849,33.67248840788736,0.011042122729122639,processed/fei_full/aligned/fei_0012_14.png,b906e70acbf5501a6e3a785b63d5d83d7ff65d94a0756515c430f9129e936060,34da13374d4b131f2890f8c98248e1c9ce5d5c1aaf4a8751c718a0bd6f302f84,buffalo_l,5838f7fe053675b1c7a08b633df49e7af5495cee0493c7dcf6697200b85b5b91,7fadd420c2351d0ffa8cac403421c1a3ed733365,"[""CUDAExecutionProvider"", ""CPUExecutionProvider""]"
